{
  "type": "FeatureCollection",
  "features": [
    {
      "type": "Feature",
      "geometry": {
        "type": "Point",
        "coordinates": [
          -99.23438,
          19.472911
        ]
      },
      "properties": {
        "name": "CUADRANTE 01",
        "folder": "ETIQUETAS CUADRANTES",
        "icon": "images/icon-1.png"
      }
    },
    {
      "type": "Feature",
      "geometry": {
        "type": "Point",
        "coordinates": [
          -99.2405596,
          19.4823992
        ]
      },
      "properties": {
        "name": "CUADRANTE 02",
        "folder": "ETIQUETAS CUADRANTES",
        "icon": "images/icon-2.png"
      }
    },
    {
      "type": "Feature",
      "geometry": {
        "type": "Point",
        "coordinates": [
          -99.2259469,
          19.4845229
        ]
      },
      "properties": {
        "name": "CUADRANTE 03",
        "folder": "ETIQUETAS CUADRANTES",
        "icon": "images/icon-3.png"
      }
    },
    {
      "type": "Feature",
      "geometry": {
        "type": "Point",
        "coordinates": [
          -99.223908,
          19.473984
        ]
      },
      "properties": {
        "name": "CUADRANTE 04",
        "folder": "ETIQUETAS CUADRANTES",
        "icon": "images/icon-4.png"
      }
    },
    {
      "type": "Feature",
      "geometry": {
        "type": "Point",
        "coordinates": [
          -99.228887,
          19.463787
        ]
      },
      "properties": {
        "name": "CUADRANTE 05",
        "folder": "ETIQUETAS CUADRANTES",
        "icon": "images/icon-5.png"
      }
    },
    {
      "type": "Feature",
      "geometry": {
        "type": "Point",
        "coordinates": [
          -99.2445827,
          19.4540351
        ]
      },
      "properties": {
        "name": "CUADRANTE-5 BIS",
        "folder": "ETIQUETAS CUADRANTES",
        "icon": "images/icon-5.png"
      }
    },
    {
      "type": "Feature",
      "geometry": {
        "type": "Point",
        "coordinates": [
          -99.247383,
          19.469654
        ]
      },
      "properties": {
        "name": "CUADRANTE 06",
        "folder": "ETIQUETAS CUADRANTES",
        "icon": "images/icon-6.png"
      }
    },
    {
      "type": "Feature",
      "geometry": {
        "type": "Point",
        "coordinates": [
          -99.2612771,
          19.4865355
        ]
      },
      "properties": {
        "name": "CUADRANTE 07",
        "folder": "ETIQUETAS CUADRANTES",
        "icon": "images/icon-7.png"
      }
    },
    {
      "type": "Feature",
      "geometry": {
        "type": "Point",
        "coordinates": [
          -99.2509451,
          19.4951019
        ]
      },
      "properties": {
        "name": "CUADRANTE 08",
        "folder": "ETIQUETAS CUADRANTES",
        "icon": "images/icon-8.png"
      }
    },
    {
      "type": "Feature",
      "geometry": {
        "type": "Point",
        "coordinates": [
          -99.2321053,
          19.4976709
        ]
      },
      "properties": {
        "name": "CUADRANTE 09",
        "folder": "ETIQUETAS CUADRANTES",
        "icon": "images/icon-9.png"
      }
    },
    {
      "type": "Feature",
      "geometry": {
        "type": "Point",
        "coordinates": [
          -99.2229214,
          19.4921691
        ]
      },
      "properties": {
        "name": "CUADRANTE 10",
        "folder": "ETIQUETAS CUADRANTES",
        "icon": "images/icon-10.png"
      }
    },
    {
      "type": "Feature",
      "geometry": {
        "type": "Point",
        "coordinates": [
          -99.216527,
          19.464758
        ]
      },
      "properties": {
        "name": "CUADRANTE 11",
        "folder": "ETIQUETAS CUADRANTES",
        "icon": "images/icon-11.png"
      }
    },
    {
      "type": "Feature",
      "geometry": {
        "type": "Point",
        "coordinates": [
          -99.252297,
          19.4466703
        ]
      },
      "properties": {
        "name": "CUADRANTE 12",
        "folder": "ETIQUETAS CUADRANTES",
        "icon": "images/icon-12.png"
      }
    },
    {
      "type": "Feature",
      "geometry": {
        "type": "Point",
        "coordinates": [
          -99.2670817,
          19.4622495
        ]
      },
      "properties": {
        "name": "CUADRANTE 13",
        "folder": "ETIQUETAS CUADRANTES",
        "icon": "images/icon-13.png"
      }
    },
    {
      "type": "Feature",
      "geometry": {
        "type": "Point",
        "coordinates": [
          -99.2906022,
          19.4705826
        ]
      },
      "properties": {
        "name": "CUADRANTE 13",
        "folder": "ETIQUETAS CUADRANTES",
        "icon": "images/icon-13.png"
      }
    },
    {
      "type": "Feature",
      "geometry": {
        "type": "Point",
        "coordinates": [
          -99.2698705,
          19.477301
        ]
      },
      "properties": {
        "name": "CUADRANTE 14",
        "folder": "ETIQUETAS CUADRANTES",
        "icon": "images/icon-14.png"
      }
    },
    {
      "type": "Feature",
      "geometry": {
        "type": "Point",
        "coordinates": [
          -99.282445,
          19.492968
        ]
      },
      "properties": {
        "name": "CUADRANTE 15",
        "folder": "ETIQUETAS CUADRANTES",
        "icon": "images/icon-15.png"
      }
    },
    {
      "type": "Feature",
      "geometry": {
        "type": "Point",
        "coordinates": [
          -99.3232289,
          19.4901146
        ]
      },
      "properties": {
        "name": "CUADRANTE 15",
        "folder": "ETIQUETAS CUADRANTES",
        "icon": "images/icon-15.png"
      }
    },
    {
      "type": "Feature",
      "geometry": {
        "type": "Point",
        "coordinates": [
          -99.2542927,
          19.5124967
        ]
      },
      "properties": {
        "name": "CUADRANTE 16",
        "folder": "ETIQUETAS CUADRANTES",
        "icon": "images/icon-16.png"
      }
    },
    {
      "type": "Feature",
      "geometry": {
        "type": "Point",
        "coordinates": [
          -99.2394547,
          19.515839
        ]
      },
      "properties": {
        "name": "CUADRANTE 17",
        "folder": "ETIQUETAS CUADRANTES",
        "icon": "images/icon-17.png"
      }
    },
    {
      "type": "Feature",
      "geometry": {
        "type": "Point",
        "coordinates": [
          -99.229745,
          19.5090988
        ]
      },
      "properties": {
        "name": "CUADRANTE 18",
        "folder": "ETIQUETAS CUADRANTES",
        "icon": "images/icon-18.png"
      }
    },
    {
      "type": "Feature",
      "geometry": {
        "type": "Point",
        "coordinates": [
          -99.2523608,
          19.4322632
        ]
      },
      "properties": {
        "name": "CUADRANTE 19",
        "folder": "ETIQUETAS CUADRANTES",
        "icon": "images/icon-19.png"
      }
    },
    {
      "type": "Feature",
      "geometry": {
        "type": "Point",
        "coordinates": [
          -99.26957,
          19.437403
        ]
      },
      "properties": {
        "name": "CUADRANTE 20",
        "folder": "ETIQUETAS CUADRANTES",
        "icon": "images/icon-20.png"
      }
    },
    {
      "type": "Feature",
      "geometry": {
        "type": "Point",
        "coordinates": [
          -99.26854,
          19.449543
        ]
      },
      "properties": {
        "name": "CUADRANTE 21",
        "folder": "ETIQUETAS CUADRANTES",
        "icon": "images/icon-21.png"
      }
    },
    {
      "type": "Feature",
      "geometry": {
        "type": "Point",
        "coordinates": [
          -99.346368,
          19.443534
        ]
      },
      "properties": {
        "name": "CUADRANTE 22",
        "folder": "ETIQUETAS CUADRANTES",
        "icon": "images/icon-22.png"
      }
    },
    {
      "type": "Feature",
      "geometry": {
        "type": "Point",
        "coordinates": [
          -99.2837481,
          19.4613716
        ]
      },
      "properties": {
        "name": "CUADRANTE 23",
        "folder": "ETIQUETAS CUADRANTES",
        "icon": "images/icon-23.png"
      }
    },
    {
      "type": "Feature",
      "geometry": {
        "type": "Point",
        "coordinates": [
          -99.2719737,
          19.5170272
        ]
      },
      "properties": {
        "name": "CUADRANTE 24",
        "folder": "ETIQUETAS CUADRANTES",
        "icon": "images/icon-24.png"
      }
    },
    {
      "type": "Feature",
      "geometry": {
        "type": "Point",
        "coordinates": [
          -99.232835,
          19.428176
        ]
      },
      "properties": {
        "name": "CUADRANTE 25",
        "folder": "ETIQUETAS CUADRANTES",
        "icon": "images/icon-25.png"
      }
    },
    {
      "type": "Feature",
      "geometry": {
        "type": "Point",
        "coordinates": [
          -99.284505,
          19.442259
        ]
      },
      "properties": {
        "name": "CUADRANTE 26",
        "folder": "ETIQUETAS CUADRANTES",
        "icon": "images/icon-26.png"
      }
    },
    {
      "type": "Feature",
      "geometry": {
        "type": "Point",
        "coordinates": [
          -99.244508,
          19.5032738
        ]
      },
      "properties": {
        "name": "CUADRANTE 27",
        "folder": "ETIQUETAS CUADRANTES",
        "icon": "images/icon-27.png"
      }
    },
    {
      "type": "Feature",
      "geometry": {
        "type": "Point",
        "coordinates": [
          -99.29643,
          19.448973
        ]
      },
      "properties": {
        "name": "CUADRANTE 31",
        "folder": "ETIQUETAS CUADRANTES",
        "icon": "images/icon-28.png"
      }
    },
    {
      "type": "Feature",
      "geometry": {
        "type": "Point",
        "coordinates": [
          -99.2552041,
          19.4625405
        ]
      },
      "properties": {
        "name": "CUADRANTE 31",
        "folder": "ETIQUETAS CUADRANTES",
        "icon": "images/icon-28.png"
      }
    },
    {
      "type": "Feature",
      "geometry": {
        "type": "Polygon",
        "coordinates": [
          [
            [
              -99.244531,
              19.491348
            ],
            [
              -99.244382,
              19.488607
            ],
            [
              -99.24481,
              19.487984
            ],
            [
              -99.244825,
              19.48761
            ],
            [
              -99.245666,
              19.48726
            ],
            [
              -99.24804,
              19.48644
            ],
            [
              -99.249231,
              19.485792
            ],
            [
              -99.24943,
              19.485701
            ],
            [
              -99.24979,
              19.485416
            ],
            [
              -99.249835,
              19.485201
            ],
            [
              -99.2494866,
              19.4841336
            ],
            [
              -99.2484486,
              19.4820165
            ],
            [
              -99.2481081,
              19.4814581
            ],
            [
              -99.2476497,
              19.4807378
            ],
            [
              -99.2472408,
              19.4804032
            ],
            [
              -99.2477761,
              19.4796944
            ],
            [
              -99.2482243,
              19.4793286
            ],
            [
              -99.2483719,
              19.4789651
            ],
            [
              -99.2483129,
              19.4786225
            ],
            [
              -99.2479482,
              19.4781193
            ],
            [
              -99.2473419,
              19.4779644
            ],
            [
              -99.2461176,
              19.4779734
            ],
            [
              -99.2455786,
              19.4776879
            ],
            [
              -99.2460611,
              19.4767969
            ],
            [
              -99.2462379,
              19.4764735
            ],
            [
              -99.2470464,
              19.4751919
            ],
            [
              -99.2472362,
              19.4749295
            ],
            [
              -99.2469916,
              19.4748722
            ],
            [
              -99.2466802,
              19.4745965
            ],
            [
              -99.245518,
              19.473445
            ],
            [
              -99.241018,
              19.4736389
            ],
            [
              -99.2398455,
              19.4737348
            ],
            [
              -99.2406654,
              19.4734302
            ],
            [
              -99.239719,
              19.472809
            ],
            [
              -99.2393586,
              19.4727061
            ],
            [
              -99.2391721,
              19.4727445
            ],
            [
              -99.2394588,
              19.473585
            ],
            [
              -99.2391333,
              19.4735908
            ],
            [
              -99.238357,
              19.4733929
            ],
            [
              -99.2371057,
              19.4730644
            ],
            [
              -99.2356506,
              19.4740805
            ],
            [
              -99.235965,
              19.4742
            ],
            [
              -99.2352,
              19.474991
            ],
            [
              -99.2340541,
              19.4760424
            ],
            [
              -99.2338803,
              19.4771235
            ],
            [
              -99.233829,
              19.477462
            ],
            [
              -99.2335848,
              19.4779023
            ],
            [
              -99.2328048,
              19.4789639
            ],
            [
              -99.2326809,
              19.4791462
            ],
            [
              -99.2323049,
              19.4801359
            ],
            [
              -99.232859,
              19.481344
            ],
            [
              -99.234782,
              19.48471
            ],
            [
              -99.235807,
              19.486913
            ],
            [
              -99.239677,
              19.488106
            ],
            [
              -99.241635,
              19.489764
            ],
            [
              -99.243861,
              19.491788
            ],
            [
              -99.244307,
              19.491656
            ],
            [
              -99.244505,
              19.49153
            ],
            [
              -99.244531,
              19.491348
            ]
          ]
        ]
      },
      "properties": {
        "name": "Cuadrante 02",
        "folder": "MAPA BASE- SECTOR NORTE-NAUCALPAN.csv.csv",
        "Autoridad": "Guardia Municipal",
        "Responsable": "CASTAÑEDA VELAZQUEZ CARLOS",
        "No. Telefonico": "5.610988767E18"
      }
    },
    {
      "type": "Feature",
      "geometry": {
        "type": "Polygon",
        "coordinates": [
          [
            [
              -99.2371456,
              19.4904813
            ],
            [
              -99.236198,
              19.487704
            ],
            [
              -99.234782,
              19.48471
            ],
            [
              -99.232859,
              19.481344
            ],
            [
              -99.2323049,
              19.4801359
            ],
            [
              -99.2315363,
              19.480455
            ],
            [
              -99.23041,
              19.483904
            ],
            [
              -99.2270793,
              19.4828285
            ],
            [
              -99.2268987,
              19.4833178
            ],
            [
              -99.2251615,
              19.4828
            ],
            [
              -99.224542,
              19.484763
            ],
            [
              -99.2256357,
              19.4850817
            ],
            [
              -99.2253631,
              19.4858719
            ],
            [
              -99.2230267,
              19.4861837
            ],
            [
              -99.2225264,
              19.488669
            ],
            [
              -99.2226744,
              19.4888079
            ],
            [
              -99.2231677,
              19.4890334
            ],
            [
              -99.223897,
              19.48936
            ],
            [
              -99.2280659,
              19.4908781
            ],
            [
              -99.2305878,
              19.4916096
            ],
            [
              -99.2309929,
              19.4902582
            ],
            [
              -99.2340227,
              19.4910192
            ],
            [
              -99.2356064,
              19.491358
            ],
            [
              -99.2371456,
              19.4904813
            ]
          ]
        ]
      },
      "properties": {
        "name": "Cuadrante 03",
        "folder": "MAPA BASE- SECTOR NORTE-NAUCALPAN.csv.csv",
        "Autoridad": "Guardia Municipal",
        "Responsable": "GUTIERREZ GONZALEZ OSCAR",
        "No. Telefonico": "5.536571971E18"
      }
    },
    {
      "type": "Feature",
      "geometry": {
        "type": "Polygon",
        "coordinates": [
          [
            [
              -99.2590386,
              19.4945588
            ],
            [
              -99.2597497,
              19.4945107
            ],
            [
              -99.2608226,
              19.4943055
            ],
            [
              -99.2614099,
              19.4938868
            ],
            [
              -99.2620176,
              19.4934607
            ],
            [
              -99.2625326,
              19.4933217
            ],
            [
              -99.2630546,
              19.4939007
            ],
            [
              -99.2631452,
              19.4950955
            ],
            [
              -99.2631087,
              19.4961764
            ],
            [
              -99.2630713,
              19.4965767
            ],
            [
              -99.2631237,
              19.4969732
            ],
            [
              -99.2632985,
              19.4969064
            ],
            [
              -99.2635309,
              19.4969117
            ],
            [
              -99.2636631,
              19.4970259
            ],
            [
              -99.2643334,
              19.4976416
            ],
            [
              -99.2648254,
              19.4985959
            ],
            [
              -99.2652861,
              19.4985319
            ],
            [
              -99.2654536,
              19.4984947
            ],
            [
              -99.2660606,
              19.4984637
            ],
            [
              -99.2663146,
              19.4986887
            ],
            [
              -99.2664206,
              19.4988477
            ],
            [
              -99.2663176,
              19.4997997
            ],
            [
              -99.2670049,
              19.499703
            ],
            [
              -99.2670582,
              19.4997779
            ],
            [
              -99.2671629,
              19.4999021
            ],
            [
              -99.2674311,
              19.5000726
            ],
            [
              -99.2674482,
              19.5003461
            ],
            [
              -99.267498,
              19.500387
            ],
            [
              -99.2677997,
              19.5002715
            ],
            [
              -99.2679388,
              19.5002674
            ],
            [
              -99.2680721,
              19.5001969
            ],
            [
              -99.2681256,
              19.5002277
            ],
            [
              -99.2682486,
              19.5003397
            ],
            [
              -99.2692916,
              19.5002737
            ],
            [
              -99.2696496,
              19.4998197
            ],
            [
              -99.2697586,
              19.4996697
            ],
            [
              -99.2697506,
              19.4995077
            ],
            [
              -99.2698686,
              19.4994697
            ],
            [
              -99.2699406,
              19.4994097
            ],
            [
              -99.2699466,
              19.4993017
            ],
            [
              -99.2708606,
              19.4993017
            ],
            [
              -99.2710246,
              19.4992397
            ],
            [
              -99.2707356,
              19.4983697
            ],
            [
              -99.2710996,
              19.4981517
            ],
            [
              -99.2699876,
              19.4977357
            ],
            [
              -99.2705236,
              19.4973097
            ],
            [
              -99.2712006,
              19.4955697
            ],
            [
              -99.2714406,
              19.4949397
            ],
            [
              -99.2714416,
              19.4944837
            ],
            [
              -99.271781,
              19.494268
            ],
            [
              -99.2719573,
              19.4934606
            ],
            [
              -99.27189,
              19.4928737
            ],
            [
              -99.2718642,
              19.4925638
            ],
            [
              -99.271808,
              19.4921813
            ],
            [
              -99.2715242,
              19.4918062
            ],
            [
              -99.2712022,
              19.4914845
            ],
            [
              -99.270612,
              19.4912139
            ],
            [
              -99.2706394,
              19.4904978
            ],
            [
              -99.2707003,
              19.4899105
            ],
            [
              -99.2721359,
              19.4886844
            ],
            [
              -99.2725221,
              19.4888276
            ],
            [
              -99.2729996,
              19.4887077
            ],
            [
              -99.2739763,
              19.487717
            ],
            [
              -99.2745344,
              19.4871688
            ],
            [
              -99.2753553,
              19.4866864
            ],
            [
              -99.2757539,
              19.4858354
            ],
            [
              -99.27598,
              19.4843024
            ],
            [
              -99.2758332,
              19.483681
            ],
            [
              -99.2754538,
              19.4834262
            ],
            [
              -99.2716146,
              19.4829287
            ],
            [
              -99.2706066,
              19.4832297
            ],
            [
              -99.2694636,
              19.4840277
            ],
            [
              -99.2687756,
              19.4850847
            ],
            [
              -99.2683056,
              19.4853767
            ],
            [
              -99.2668896,
              19.4847297
            ],
            [
              -99.2654546,
              19.4840677
            ],
            [
              -99.2640327,
              19.4834646
            ],
            [
              -99.2642655,
              19.4826437
            ],
            [
              -99.2633786,
              19.4820587
            ],
            [
              -99.2621626,
              19.4812577
            ],
            [
              -99.2616492,
              19.4808205
            ],
            [
              -99.2611538,
              19.4803189
            ],
            [
              -99.2614613,
              19.4796332
            ],
            [
              -99.2622427,
              19.4784761
            ],
            [
              -99.2627782,
              19.4781454
            ],
            [
              -99.2638393,
              19.4784215
            ],
            [
              -99.2651728,
              19.478155
            ],
            [
              -99.2643588,
              19.4768132
            ],
            [
              -99.2628905,
              19.4760076
            ],
            [
              -99.26336,
              19.4749779
            ],
            [
              -99.2622284,
              19.4744863
            ],
            [
              -99.2587928,
              19.4708203
            ],
            [
              -99.2576978,
              19.4701655
            ],
            [
              -99.257032,
              19.4710887
            ],
            [
              -99.2566881,
              19.4719715
            ],
            [
              -99.2563763,
              19.4722878
            ],
            [
              -99.2557958,
              19.4719836
            ],
            [
              -99.2552732,
              19.4728067
            ],
            [
              -99.255122,
              19.4729528
            ],
            [
              -99.2549035,
              19.4723998
            ],
            [
              -99.2547675,
              19.4729225
            ],
            [
              -99.2546422,
              19.4739407
            ],
            [
              -99.2545342,
              19.4745625
            ],
            [
              -99.2544056,
              19.4749877
            ],
            [
              -99.2544091,
              19.4759894
            ],
            [
              -99.2541639,
              19.47652
            ],
            [
              -99.2527036,
              19.4771815
            ],
            [
              -99.2523376,
              19.4776067
            ],
            [
              -99.2520906,
              19.4777527
            ],
            [
              -99.2515585,
              19.4783017
            ],
            [
              -99.2512365,
              19.4791917
            ],
            [
              -99.2503016,
              19.4796577
            ],
            [
              -99.248528,
              19.4790357
            ],
            [
              -99.2477493,
              19.4797099
            ],
            [
              -99.2474838,
              19.4805984
            ],
            [
              -99.2482993,
              19.4818077
            ],
            [
              -99.2485775,
              19.4823556
            ],
            [
              -99.2487822,
              19.4828064
            ],
            [
              -99.2495456,
              19.4843564
            ],
            [
              -99.2497975,
              19.4852367
            ],
            [
              -99.2497525,
              19.4854517
            ],
            [
              -99.2493925,
              19.4857367
            ],
            [
              -99.2491935,
              19.4858277
            ],
            [
              -99.2480026,
              19.4864757
            ],
            [
              -99.2454866,
              19.4873517
            ],
            [
              -99.2447876,
              19.4876457
            ],
            [
              -99.2448146,
              19.4879797
            ],
            [
              -99.2447285,
              19.4881971
            ],
            [
              -99.2454565,
              19.4884309
            ],
            [
              -99.2462848,
              19.4886503
            ],
            [
              -99.2470464,
              19.4889361
            ],
            [
              -99.2472127,
              19.4890702
            ],
            [
              -99.247358,
              19.4891992
            ],
            [
              -99.2479717,
              19.4895457
            ],
            [
              -99.2485031,
              19.4895268
            ],
            [
              -99.2489807,
              19.4897759
            ],
            [
              -99.2493493,
              19.4899087
            ],
            [
              -99.2497715,
              19.4900769
            ],
            [
              -99.2500455,
              19.490385
            ],
            [
              -99.2499807,
              19.490767
            ],
            [
              -99.2503059,
              19.4909265
            ],
            [
              -99.2507613,
              19.4909362
            ],
            [
              -99.2513918,
              19.4908398
            ],
            [
              -99.2520812,
              19.4910904
            ],
            [
              -99.2526155,
              19.4913757
            ],
            [
              -99.2528726,
              19.4915179
            ],
            [
              -99.2533987,
              19.4919907
            ],
            [
              -99.2533212,
              19.4930797
            ],
            [
              -99.2536722,
              19.4932218
            ],
            [
              -99.2545189,
              19.493492
            ],
            [
              -99.2554045,
              19.4937349
            ],
            [
              -99.25747,
              19.4943469
            ],
            [
              -99.2582666,
              19.4944857
            ],
            [
              -99.2582886,
              19.4945337
            ],
            [
              -99.2590386,
              19.4945588
            ]
          ]
        ]
      },
      "properties": {
        "name": "Cuadrante 07",
        "folder": "MAPA BASE- SECTOR NORTE-NAUCALPAN.csv.csv",
        "Autoridad": "Guardia Municipal",
        "Responsable": "TRUJILLO MONROY ADRIAN ISRAEL",
        "No. Telefonico": "5.54046658E17"
      }
    },
    {
      "type": "Feature",
      "geometry": {
        "type": "Polygon",
        "coordinates": [
          [
            [
              -99.2595413,
              19.5042841
            ],
            [
              -99.2595458,
              19.503169
            ],
            [
              -99.2596033,
              19.5025364
            ],
            [
              -99.2583802,
              19.5023303
            ],
            [
              -99.2592133,
              19.50235
            ],
            [
              -99.2600302,
              19.5020864
            ],
            [
              -99.2604108,
              19.501285
            ],
            [
              -99.2601319,
              19.5010448
            ],
            [
              -99.2597807,
              19.5006751
            ],
            [
              -99.2593148,
              19.500135
            ],
            [
              -99.2598828,
              19.499113
            ],
            [
              -99.2603198,
              19.498676
            ],
            [
              -99.2607873,
              19.4986781
            ],
            [
              -99.2612553,
              19.4988944
            ],
            [
              -99.2616213,
              19.4983294
            ],
            [
              -99.2612792,
              19.497775
            ],
            [
              -99.2604469,
              19.4971302
            ],
            [
              -99.2600306,
              19.496928
            ],
            [
              -99.2608226,
              19.4943055
            ],
            [
              -99.2598797,
              19.4945711
            ],
            [
              -99.2592397,
              19.4945927
            ],
            [
              -99.2584548,
              19.494594
            ],
            [
              -99.2584328,
              19.494546
            ],
            [
              -99.2576198,
              19.4944065
            ],
            [
              -99.2539967,
              19.4933428
            ],
            [
              -99.2535086,
              19.4931268
            ],
            [
              -99.2535543,
              19.492051
            ],
            [
              -99.2530282,
              19.4915782
            ],
            [
              -99.2522368,
              19.4911507
            ],
            [
              -99.2515475,
              19.4909001
            ],
            [
              -99.250917,
              19.4909965
            ],
            [
              -99.2504829,
              19.4909868
            ],
            [
              -99.2501577,
              19.4908273
            ],
            [
              -99.2502012,
              19.4904453
            ],
            [
              -99.2499272,
              19.4901372
            ],
            [
              -99.2486587,
              19.4895871
            ],
            [
              -99.2481273,
              19.489606
            ],
            [
              -99.2472372,
              19.4890471
            ],
            [
              -99.2463877,
              19.4886915
            ],
            [
              -99.2457611,
              19.4885354
            ],
            [
              -99.2448344,
              19.488275
            ],
            [
              -99.2446158,
              19.4885507
            ],
            [
              -99.2444998,
              19.488693
            ],
            [
              -99.2446498,
              19.4916
            ],
            [
              -99.2444248,
              19.491742
            ],
            [
              -99.2439788,
              19.491874
            ],
            [
              -99.2422718,
              19.490307
            ],
            [
              -99.2397948,
              19.488192
            ],
            [
              -99.2359248,
              19.486999
            ],
            [
              -99.2371778,
              19.490547
            ],
            [
              -99.2371748,
              19.491212
            ],
            [
              -99.2370268,
              19.494886
            ],
            [
              -99.2369853,
              19.4992483
            ],
            [
              -99.2376078,
              19.499028
            ],
            [
              -99.2382688,
              19.499043
            ],
            [
              -99.2496793,
              19.4975291
            ],
            [
              -99.2499431,
              19.4981677
            ],
            [
              -99.249999,
              19.4984188
            ],
            [
              -99.2502601,
              19.4986572
            ],
            [
              -99.2503991,
              19.4991927
            ],
            [
              -99.2504948,
              19.500299
            ],
            [
              -99.2507127,
              19.5011184
            ],
            [
              -99.2510217,
              19.5017634
            ],
            [
              -99.2514228,
              19.502017
            ],
            [
              -99.2519648,
              19.50248
            ],
            [
              -99.2523138,
              19.5027087
            ],
            [
              -99.2542526,
              19.5039933
            ],
            [
              -99.2554248,
              19.5047029
            ],
            [
              -99.2562525,
              19.503659
            ],
            [
              -99.2564478,
              19.503859
            ],
            [
              -99.2566552,
              19.5040485
            ],
            [
              -99.2570646,
              19.5046299
            ],
            [
              -99.2595227,
              19.5057647
            ],
            [
              -99.2595413,
              19.5042841
            ]
          ]
        ]
      },
      "properties": {
        "name": "Cuadrante 08",
        "folder": "MAPA BASE- SECTOR NORTE-NAUCALPAN.csv.csv",
        "Autoridad": "Guardia Municipal",
        "Responsable": "NEFI LORENZO MENDOZA NAVARRETE",
        "No. Telefonico": "5.523868586E18"
      }
    },
    {
      "type": "Feature",
      "geometry": {
        "type": "Polygon",
        "coordinates": [
          [
            [
              -99.2371962,
              19.4909137
            ],
            [
              -99.2277006,
              19.4990092
            ],
            [
              -99.2263264,
              19.498201
            ],
            [
              -99.2262081,
              19.4981191
            ],
            [
              -99.2257575,
              19.4987354
            ],
            [
              -99.2249477,
              19.4995757
            ],
            [
              -99.2236282,
              19.5007739
            ],
            [
              -99.2227967,
              19.5015167
            ],
            [
              -99.2224424,
              19.5019419
            ],
            [
              -99.2222223,
              19.5022604
            ],
            [
              -99.2218848,
              19.50267
            ],
            [
              -99.2214522,
              19.5029457
            ],
            [
              -99.2221882,
              19.5027527
            ],
            [
              -99.2227442,
              19.5022017
            ],
            [
              -99.2266542,
              19.5043357
            ],
            [
              -99.2295135,
              19.5016026
            ],
            [
              -99.2296225,
              19.5016626
            ],
            [
              -99.2298846,
              19.5013824
            ],
            [
              -99.2303634,
              19.5007382
            ],
            [
              -99.2308682,
              19.500452
            ],
            [
              -99.2315817,
              19.5002903
            ],
            [
              -99.2329455,
              19.5001008
            ],
            [
              -99.2343584,
              19.4998505
            ],
            [
              -99.2358035,
              19.4996254
            ],
            [
              -99.2368525,
              19.499484
            ],
            [
              -99.2370762,
              19.4944227
            ],
            [
              -99.2371962,
              19.4909137
            ]
          ]
        ]
      },
      "properties": {
        "name": "Cuadrante 09",
        "folder": "MAPA BASE- SECTOR NORTE-NAUCALPAN.csv.csv",
        "Autoridad": "Guardia Municipal",
        "Responsable": "JESÚS MANUEL COVARRUBIAS GONZÁLEZ",
        "No. Telefonico": "5.510079717E18"
      }
    },
    {
      "type": "Feature",
      "geometry": {
        "type": "Polygon",
        "coordinates": [
          [
            [
              -99.2277006,
              19.4990092
            ],
            [
              -99.2306374,
              19.496578
            ],
            [
              -99.2332494,
              19.494419
            ],
            [
              -99.2362644,
              19.491895
            ],
            [
              -99.2372204,
              19.491121
            ],
            [
              -99.2372234,
              19.490456
            ],
            [
              -99.2356064,
              19.491358
            ],
            [
              -99.2349454,
              19.491097
            ],
            [
              -99.2341971,
              19.4910242
            ],
            [
              -99.2309768,
              19.4902759
            ],
            [
              -99.2305878,
              19.4916096
            ],
            [
              -99.2280659,
              19.4908781
            ],
            [
              -99.2263873,
              19.490289
            ],
            [
              -99.2247744,
              19.489595
            ],
            [
              -99.2241144,
              19.489397
            ],
            [
              -99.2232614,
              19.488998
            ],
            [
              -99.2225264,
              19.488669
            ],
            [
              -99.2230267,
              19.4861837
            ],
            [
              -99.2253631,
              19.4858719
            ],
            [
              -99.2256357,
              19.4850817
            ],
            [
              -99.224542,
              19.484763
            ],
            [
              -99.2251615,
              19.4828
            ],
            [
              -99.2268987,
              19.4833178
            ],
            [
              -99.2270793,
              19.4828285
            ],
            [
              -99.2240406,
              19.4818478
            ],
            [
              -99.2242574,
              19.481349
            ],
            [
              -99.2197712,
              19.4804566
            ],
            [
              -99.2173784,
              19.4874288
            ],
            [
              -99.2142828,
              19.4964787
            ],
            [
              -99.2138027,
              19.4989636
            ],
            [
              -99.2139114,
              19.501842
            ],
            [
              -99.213964,
              19.5044753
            ],
            [
              -99.2155197,
              19.5050922
            ],
            [
              -99.2162344,
              19.502146
            ],
            [
              -99.2173284,
              19.497387
            ],
            [
              -99.2178694,
              19.49509
            ],
            [
              -99.2181094,
              19.494664
            ],
            [
              -99.2185134,
              19.494584
            ],
            [
              -99.2201224,
              19.495616
            ],
            [
              -99.2220754,
              19.495272
            ],
            [
              -99.2234704,
              19.496229
            ],
            [
              -99.2252464,
              19.4974586
            ],
            [
              -99.2263264,
              19.498201
            ],
            [
              -99.2277006,
              19.4990092
            ]
          ]
        ]
      },
      "properties": {
        "name": "Cuadrante 10",
        "folder": "MAPA BASE- SECTOR NORTE-NAUCALPAN.csv.csv",
        "Autoridad": "Guardia Municipal",
        "Responsable": "BARRERA AVILES RAFAEL",
        "No. Telefonico": "5.540680019E18"
      }
    },
    {
      "type": "Feature",
      "geometry": {
        "type": "Polygon",
        "coordinates": [
          [
            [
              -99.2678064,
              19.472133
            ],
            [
              -99.2667224,
              19.471762
            ],
            [
              -99.2657134,
              19.471529
            ],
            [
              -99.2647194,
              19.471165
            ],
            [
              -99.2640304,
              19.470575
            ],
            [
              -99.2627844,
              19.470293
            ],
            [
              -99.2614164,
              19.470194
            ],
            [
              -99.2602528,
              19.4700496
            ],
            [
              -99.2592004,
              19.468938
            ],
            [
              -99.2590504,
              19.468635
            ],
            [
              -99.2606777,
              19.468028
            ],
            [
              -99.2585137,
              19.467571
            ],
            [
              -99.2560844,
              19.469748
            ],
            [
              -99.2554804,
              19.470322
            ],
            [
              -99.2552524,
              19.47088
            ],
            [
              -99.2549844,
              19.471216
            ],
            [
              -99.2551244,
              19.471351
            ],
            [
              -99.2548804,
              19.471676
            ],
            [
              -99.2548964,
              19.472262
            ],
            [
              -99.255122,
              19.4729528
            ],
            [
              -99.2552464,
              19.472771
            ],
            [
              -99.2554085,
              19.4725136
            ],
            [
              -99.255769,
              19.4719479
            ],
            [
              -99.2563495,
              19.4722521
            ],
            [
              -99.2566774,
              19.4718751
            ],
            [
              -99.2570052,
              19.471053
            ],
            [
              -99.257671,
              19.4701298
            ],
            [
              -99.258766,
              19.4707846
            ],
            [
              -99.2622284,
              19.4744863
            ],
            [
              -99.26336,
              19.4749779
            ],
            [
              -99.2628905,
              19.4760076
            ],
            [
              -99.2643321,
              19.4767775
            ],
            [
              -99.2651461,
              19.4781193
            ],
            [
              -99.2638126,
              19.4783858
            ],
            [
              -99.2627514,
              19.4781097
            ],
            [
              -99.2622159,
              19.4784404
            ],
            [
              -99.2614345,
              19.4795975
            ],
            [
              -99.261127,
              19.4802832
            ],
            [
              -99.26075,
              19.4808599
            ],
            [
              -99.2641102,
              19.4827142
            ],
            [
              -99.2640464,
              19.483396
            ],
            [
              -99.2682344,
              19.485335
            ],
            [
              -99.2687594,
              19.485049
            ],
            [
              -99.2694474,
              19.483992
            ],
            [
              -99.2705904,
              19.483194
            ],
            [
              -99.2716904,
              19.482861
            ],
            [
              -99.2729584,
              19.482286
            ],
            [
              -99.2736104,
              19.480656
            ],
            [
              -99.2738134,
              19.480686
            ],
            [
              -99.2743394,
              19.480529
            ],
            [
              -99.2748334,
              19.480423
            ],
            [
              -99.2752084,
              19.481303
            ],
            [
              -99.2772574,
              19.480282
            ],
            [
              -99.2780594,
              19.480529
            ],
            [
              -99.2797324,
              19.480175
            ],
            [
              -99.2798824,
              19.480568
            ],
            [
              -99.2803864,
              19.48044
            ],
            [
              -99.2813784,
              19.479982
            ],
            [
              -99.2814224,
              19.479623
            ],
            [
              -99.2815304,
              19.47983
            ],
            [
              -99.2816227,
              19.4803969
            ],
            [
              -99.281628,
              19.4804576
            ],
            [
              -99.2817474,
              19.4805732
            ],
            [
              -99.2819561,
              19.4805679
            ],
            [
              -99.2822199,
              19.4805199
            ],
            [
              -99.2828602,
              19.4794744
            ],
            [
              -99.2834607,
              19.47944
            ],
            [
              -99.2836614,
              19.477884
            ],
            [
              -99.2832814,
              19.477328
            ],
            [
              -99.2817074,
              19.477993
            ],
            [
              -99.2799934,
              19.478731
            ],
            [
              -99.2792354,
              19.478977
            ],
            [
              -99.2797414,
              19.477534
            ],
            [
              -99.2791584,
              19.471428
            ],
            [
              -99.2791474,
              19.471261
            ],
            [
              -99.2783154,
              19.471198
            ],
            [
              -99.2775694,
              19.471244
            ],
            [
              -99.2766404,
              19.471562
            ],
            [
              -99.2747924,
              19.471916
            ],
            [
              -99.2729024,
              19.472187
            ],
            [
              -99.2708366,
              19.4719891
            ],
            [
              -99.269823,
              19.4718132
            ],
            [
              -99.2692429,
              19.4719207
            ],
            [
              -99.2678064,
              19.472133
            ]
          ]
        ]
      },
      "properties": {
        "name": "Cuadrante 14",
        "folder": "MAPA BASE- SECTOR NORTE-NAUCALPAN.csv.csv",
        "Autoridad": "Guardia Municipal",
        "Responsable": "LUIS FELIPE MORALES SOTO",
        "No. Telefonico": "5.543193466E18"
      }
    },
    {
      "type": "Feature",
      "geometry": {
        "type": "Polygon",
        "coordinates": [
          [
            [
              -99.2851642,
              19.479348
            ],
            [
              -99.2839028,
              19.4801791
            ],
            [
              -99.2828896,
              19.4796615
            ],
            [
              -99.2822493,
              19.480707
            ],
            [
              -99.2814078,
              19.4801691
            ],
            [
              -99.2799118,
              19.4807551
            ],
            [
              -99.2797618,
              19.4803621
            ],
            [
              -99.2780888,
              19.4807161
            ],
            [
              -99.2772868,
              19.4804691
            ],
            [
              -99.2752378,
              19.4814901
            ],
            [
              -99.2748628,
              19.4806101
            ],
            [
              -99.2736398,
              19.4808431
            ],
            [
              -99.2729878,
              19.4824731
            ],
            [
              -99.2716278,
              19.4830801
            ],
            [
              -99.2754564,
              19.4835776
            ],
            [
              -99.2759932,
              19.4844538
            ],
            [
              -99.2757671,
              19.4859868
            ],
            [
              -99.2753685,
              19.4868378
            ],
            [
              -99.2745476,
              19.4873202
            ],
            [
              -99.2730022,
              19.4888591
            ],
            [
              -99.2721385,
              19.4888358
            ],
            [
              -99.2707029,
              19.4900619
            ],
            [
              -99.2706146,
              19.4913653
            ],
            [
              -99.2718106,
              19.4923327
            ],
            [
              -99.2719599,
              19.493612
            ],
            [
              -99.2705262,
              19.4974611
            ],
            [
              -99.2699902,
              19.4978871
            ],
            [
              -99.2711022,
              19.4983031
            ],
            [
              -99.2710272,
              19.4993911
            ],
            [
              -99.2699492,
              19.4994531
            ],
            [
              -99.2692942,
              19.5004251
            ],
            [
              -99.2674508,
              19.5004975
            ],
            [
              -99.2670075,
              19.4998544
            ],
            [
              -99.2663202,
              19.4999511
            ],
            [
              -99.2660632,
              19.4986151
            ],
            [
              -99.2648281,
              19.4987473
            ],
            [
              -99.2636375,
              19.4970926
            ],
            [
              -99.2631263,
              19.4971246
            ],
            [
              -99.2630572,
              19.4940521
            ],
            [
              -99.2625352,
              19.4934731
            ],
            [
              -99.260844,
              19.4944417
            ],
            [
              -99.2597516,
              19.4969331
            ],
            [
              -99.261145,
              19.4978509
            ],
            [
              -99.2611095,
              19.498906
            ],
            [
              -99.2601668,
              19.4987671
            ],
            [
              -99.2591618,
              19.5002261
            ],
            [
              -99.2604108,
              19.5014468
            ],
            [
              -99.2593928,
              19.5032601
            ],
            [
              -99.2593697,
              19.5058557
            ],
            [
              -99.2612413,
              19.5059999
            ],
            [
              -99.2609664,
              19.5073822
            ],
            [
              -99.2620713,
              19.5055427
            ],
            [
              -99.26265,
              19.5060827
            ],
            [
              -99.2629221,
              19.5055644
            ],
            [
              -99.2648928,
              19.5060402
            ],
            [
              -99.2659032,
              19.5066506
            ],
            [
              -99.267352,
              19.5063685
            ],
            [
              -99.2682214,
              19.5058537
            ],
            [
              -99.2707558,
              19.5053271
            ],
            [
              -99.2702198,
              19.5040381
            ],
            [
              -99.2718988,
              19.5037261
            ],
            [
              -99.2723632,
              19.5057313
            ],
            [
              -99.2729234,
              19.5065759
            ],
            [
              -99.273608,
              19.5067483
            ],
            [
              -99.274294,
              19.5077193
            ],
            [
              -99.2760068,
              19.5092621
            ],
            [
              -99.2756738,
              19.5103041
            ],
            [
              -99.2765349,
              19.5104913
            ],
            [
              -99.2778948,
              19.5098291
            ],
            [
              -99.2789608,
              19.5154671
            ],
            [
              -99.2802478,
              19.5158361
            ],
            [
              -99.2819468,
              19.5159852
            ],
            [
              -99.2822258,
              19.5135182
            ],
            [
              -99.2830938,
              19.5125412
            ],
            [
              -99.2843718,
              19.5115762
            ],
            [
              -99.2857028,
              19.5114552
            ],
            [
              -99.2860138,
              19.5124762
            ],
            [
              -99.2874308,
              19.5124062
            ],
            [
              -99.2869478,
              19.5144792
            ],
            [
              -99.2876562,
              19.5147806
            ],
            [
              -99.2896438,
              19.5130222
            ],
            [
              -99.2901448,
              19.5113032
            ],
            [
              -99.2889828,
              19.5097102
            ],
            [
              -99.2895008,
              19.5094222
            ],
            [
              -99.2897988,
              19.5084662
            ],
            [
              -99.2886658,
              19.5077132
            ],
            [
              -99.2846418,
              19.5069262
            ],
            [
              -99.2827058,
              19.5060652
            ],
            [
              -99.2818818,
              19.5061862
            ],
            [
              -99.2817018,
              19.5078642
            ],
            [
              -99.2837738,
              19.5098922
            ],
            [
              -99.2832068,
              19.5107612
            ],
            [
              -99.2822678,
              19.5104856
            ],
            [
              -99.2813318,
              19.5095472
            ],
            [
              -99.2805108,
              19.5094622
            ],
            [
              -99.2793938,
              19.5088262
            ],
            [
              -99.2798938,
              19.5075952
            ],
            [
              -99.2800768,
              19.5061742
            ],
            [
              -99.2834938,
              19.5051332
            ],
            [
              -99.2848078,
              19.5051852
            ],
            [
              -99.2859586,
              19.5055708
            ],
            [
              -99.287136,
              19.5052599
            ],
            [
              -99.2879886,
              19.5031213
            ],
            [
              -99.2887641,
              19.5033197
            ],
            [
              -99.2916238,
              19.5032052
            ],
            [
              -99.2940278,
              19.5036812
            ],
            [
              -99.2964475,
              19.5033374
            ],
            [
              -99.2975286,
              19.5028217
            ],
            [
              -99.2984058,
              19.5014362
            ],
            [
              -99.2989884,
              19.4999546
            ],
            [
              -99.2996353,
              19.4996967
            ],
            [
              -99.301818,
              19.4995149
            ],
            [
              -99.30181,
              19.4991049
            ],
            [
              -99.303453,
              19.4983719
            ],
            [
              -99.304989,
              19.4989129
            ],
            [
              -99.305229,
              19.4996209
            ],
            [
              -99.305899,
              19.4997219
            ],
            [
              -99.306765,
              19.4987099
            ],
            [
              -99.3094434,
              19.4983938
            ],
            [
              -99.3122634,
              19.4999437
            ],
            [
              -99.3152351,
              19.50027
            ],
            [
              -99.3188236,
              19.4985273
            ],
            [
              -99.3229434,
              19.4977788
            ],
            [
              -99.3265908,
              19.4955542
            ],
            [
              -99.3274147,
              19.4947519
            ],
            [
              -99.3286457,
              19.4950231
            ],
            [
              -99.3297343,
              19.4956248
            ],
            [
              -99.3309983,
              19.4954705
            ],
            [
              -99.3328868,
              19.4945301
            ],
            [
              -99.3354488,
              19.4953671
            ],
            [
              -99.337984,
              19.4940129
            ],
            [
              -99.3394313,
              19.4952362
            ],
            [
              -99.3405782,
              19.4946187
            ],
            [
              -99.3419494,
              19.4953357
            ],
            [
              -99.3432455,
              19.4944899
            ],
            [
              -99.3437864,
              19.4933689
            ],
            [
              -99.3455415,
              19.4922248
            ],
            [
              -99.3434897,
              19.4913809
            ],
            [
              -99.3417895,
              19.492869
            ],
            [
              -99.3407923,
              19.4931549
            ],
            [
              -99.339592,
              19.4925129
            ],
            [
              -99.340034,
              19.4912499
            ],
            [
              -99.342813,
              19.4872599
            ],
            [
              -99.3452061,
              19.4859449
            ],
            [
              -99.3472981,
              19.4835789
            ],
            [
              -99.340564,
              19.4703179
            ],
            [
              -99.338182,
              19.4694779
            ],
            [
              -99.33742,
              19.4706869
            ],
            [
              -99.337361,
              19.4688879
            ],
            [
              -99.336787,
              19.4692759
            ],
            [
              -99.336154,
              19.4704999
            ],
            [
              -99.336133,
              19.4714809
            ],
            [
              -99.335307,
              19.4714709
            ],
            [
              -99.335382,
              19.4722499
            ],
            [
              -99.334706,
              19.4736969
            ],
            [
              -99.334792,
              19.4747179
            ],
            [
              -99.334459,
              19.4757299
            ],
            [
              -99.335057,
              19.4773259
            ],
            [
              -99.33371,
              19.4792529
            ],
            [
              -99.33189,
              19.4804179
            ],
            [
              -99.330566,
              19.4815909
            ],
            [
              -99.329622,
              19.4814699
            ],
            [
              -99.327626,
              19.4826629
            ],
            [
              -99.326296,
              19.4831889
            ],
            [
              -99.325223,
              19.4839179
            ],
            [
              -99.324837,
              19.4834929
            ],
            [
              -99.323378,
              19.4830679
            ],
            [
              -99.32209,
              19.4841909
            ],
            [
              -99.319708,
              19.4847569
            ],
            [
              -99.320685,
              19.4858389
            ],
            [
              -99.31649,
              19.4854449
            ],
            [
              -99.314001,
              19.4854239
            ],
            [
              -99.309259,
              19.4868809
            ],
            [
              -99.305225,
              19.4903199
            ],
            [
              -99.300571,
              19.4898979
            ],
            [
              -99.297661,
              19.4902489
            ],
            [
              -99.297758,
              19.4895849
            ],
            [
              -99.306188,
              19.4861319
            ],
            [
              -99.307773,
              19.4861519
            ],
            [
              -99.309701,
              19.4845129
            ],
            [
              -99.308322,
              19.4811939
            ],
            [
              -99.30273,
              19.4824869
            ],
            [
              -99.302234,
              19.4834339
            ],
            [
              -99.302013,
              19.4849619
            ],
            [
              -99.3009708,
              19.4836061
            ],
            [
              -99.3010498,
              19.4798901
            ],
            [
              -99.3020368,
              19.4798901
            ],
            [
              -99.3036138,
              19.4786611
            ],
            [
              -99.3021868,
              19.4773611
            ],
            [
              -99.3009638,
              19.4778671
            ],
            [
              -99.3005928,
              19.4764401
            ],
            [
              -99.2987968,
              19.4768151
            ],
            [
              -99.2978518,
              19.4781101
            ],
            [
              -99.2890978,
              19.4784641
            ],
            [
              -99.2885508,
              19.4794251
            ],
            [
              -99.2878618,
              19.4827861
            ],
            [
              -99.2864648,
              19.4812121
            ],
            [
              -99.2854988,
              19.4805551
            ],
            [
              -99.2852028,
              19.4799331
            ],
            [
              -99.2858272,
              19.4784925
            ],
            [
              -99.2851642,
              19.479348
            ]
          ]
        ]
      },
      "properties": {
        "name": "Cuadrante 15",
        "folder": "MAPA BASE- SECTOR NORTE-NAUCALPAN.csv.csv",
        "Autoridad": "Guardia Municipal",
        "Responsable": "SANTIAGO AMBRIZ MIGUEL ANGEL",
        "No. Telefonico": "5.542691465E18"
      }
    },
    {
      "type": "Feature",
      "geometry": {
        "type": "Polygon",
        "coordinates": [
          [
            [
              -99.2562636,
              19.5194347
            ],
            [
              -99.2570249,
              19.519509
            ],
            [
              -99.2574293,
              19.5194492
            ],
            [
              -99.2580323,
              19.5191452
            ],
            [
              -99.2583413,
              19.5187622
            ],
            [
              -99.2586843,
              19.5181202
            ],
            [
              -99.2600743,
              19.5160552
            ],
            [
              -99.2606694,
              19.5156362
            ],
            [
              -99.2613184,
              19.5154242
            ],
            [
              -99.2644353,
              19.5152682
            ],
            [
              -99.2654413,
              19.5153892
            ],
            [
              -99.2654373,
              19.5148022
            ],
            [
              -99.2654383,
              19.5144612
            ],
            [
              -99.2655293,
              19.5142062
            ],
            [
              -99.2654003,
              19.5127552
            ],
            [
              -99.2652183,
              19.5123002
            ],
            [
              -99.2644353,
              19.5121232
            ],
            [
              -99.2626303,
              19.512031
            ],
            [
              -99.2620583,
              19.5118742
            ],
            [
              -99.2623782,
              19.5117124
            ],
            [
              -99.2657307,
              19.5118194
            ],
            [
              -99.2678663,
              19.5110046
            ],
            [
              -99.2683908,
              19.5102488
            ],
            [
              -99.2678985,
              19.5090778
            ],
            [
              -99.26963,
              19.5082697
            ],
            [
              -99.2719389,
              19.5084225
            ],
            [
              -99.2720739,
              19.5081355
            ],
            [
              -99.273608,
              19.5065865
            ],
            [
              -99.2729234,
              19.5064141
            ],
            [
              -99.2723632,
              19.5055695
            ],
            [
              -99.2718988,
              19.5035643
            ],
            [
              -99.2716738,
              19.5034513
            ],
            [
              -99.2702198,
              19.5038763
            ],
            [
              -99.2707558,
              19.5051653
            ],
            [
              -99.2682214,
              19.5056919
            ],
            [
              -99.267352,
              19.5062067
            ],
            [
              -99.2659649,
              19.5064849
            ],
            [
              -99.2649545,
              19.5058745
            ],
            [
              -99.2639465,
              19.5056925
            ],
            [
              -99.2629838,
              19.5053987
            ],
            [
              -99.2627117,
              19.505917
            ],
            [
              -99.262133,
              19.505377
            ],
            [
              -99.2616236,
              19.5061855
            ],
            [
              -99.2610282,
              19.5072165
            ],
            [
              -99.2608514,
              19.5071251
            ],
            [
              -99.2613031,
              19.5058342
            ],
            [
              -99.260397,
              19.5056977
            ],
            [
              -99.2594502,
              19.5056749
            ],
            [
              -99.2569921,
              19.5045401
            ],
            [
              -99.2565827,
              19.5039587
            ],
            [
              -99.25618,
              19.5035692
            ],
            [
              -99.2553523,
              19.5046131
            ],
            [
              -99.2541801,
              19.5039035
            ],
            [
              -99.2518063,
              19.5023192
            ],
            [
              -99.2513503,
              19.5019272
            ],
            [
              -99.2509492,
              19.5016736
            ],
            [
              -99.2506402,
              19.5010286
            ],
            [
              -99.2504223,
              19.5002092
            ],
            [
              -99.2503266,
              19.4991029
            ],
            [
              -99.250181,
              19.4985362
            ],
            [
              -99.2499265,
              19.498329
            ],
            [
              -99.2496484,
              19.4987207
            ],
            [
              -99.2495641,
              19.4990652
            ],
            [
              -99.2496063,
              19.4995573
            ],
            [
              -99.2515603,
              19.5057442
            ],
            [
              -99.2515603,
              19.5071202
            ],
            [
              -99.2473113,
              19.5104982
            ],
            [
              -99.2443214,
              19.5163815
            ],
            [
              -99.2481076,
              19.5174809
            ],
            [
              -99.2483527,
              19.5180384
            ],
            [
              -99.2493897,
              19.5179739
            ],
            [
              -99.2527929,
              19.5194004
            ],
            [
              -99.2538319,
              19.5196323
            ],
            [
              -99.2555373,
              19.5194512
            ],
            [
              -99.2562636,
              19.5194347
            ]
          ]
        ]
      },
      "properties": {
        "name": "Cuadrante 16",
        "folder": "MAPA BASE- SECTOR NORTE-NAUCALPAN.csv.csv",
        "Autoridad": "Guardia Municipal",
        "Responsable": "PEREZ FRANCISCO JAVIER",
        "No. Telefonico": "5.521734477E18"
      }
    },
    {
      "type": "Feature",
      "geometry": {
        "type": "Polygon",
        "coordinates": [
          [
            [
              -99.2462693,
              19.5194798
            ],
            [
              -99.2461894,
              19.5189221
            ],
            [
              -99.2483527,
              19.5180384
            ],
            [
              -99.2481076,
              19.5174809
            ],
            [
              -99.2442651,
              19.5163753
            ],
            [
              -99.247255,
              19.510492
            ],
            [
              -99.246464,
              19.51026
            ],
            [
              -99.2460906,
              19.509715
            ],
            [
              -99.2453416,
              19.5091952
            ],
            [
              -99.243951,
              19.508186
            ],
            [
              -99.242508,
              19.50904
            ],
            [
              -99.2415906,
              19.5091133
            ],
            [
              -99.236678,
              19.5086462
            ],
            [
              -99.2363322,
              19.5103855
            ],
            [
              -99.2358791,
              19.5117072
            ],
            [
              -99.235131,
              19.5129302
            ],
            [
              -99.2337581,
              19.5148253
            ],
            [
              -99.2311655,
              19.5182485
            ],
            [
              -99.2374431,
              19.5198839
            ],
            [
              -99.2366267,
              19.5224866
            ],
            [
              -99.2462693,
              19.5194798
            ]
          ]
        ]
      },
      "properties": {
        "name": "Cuadrante 17",
        "folder": "MAPA BASE- SECTOR NORTE-NAUCALPAN.csv.csv",
        "Autoridad": "Guardia Municipal",
        "Responsable": "ADANELY GARNICA GONZÁLEZ",
        "No. Telefonico": "5.538255233E18"
      }
    },
    {
      "type": "Feature",
      "geometry": {
        "type": "Polygon",
        "coordinates": [
          [
            [
              -99.2311655,
              19.5182485
            ],
            [
              -99.2344887,
              19.5137787
            ],
            [
              -99.2355765,
              19.5122289
            ],
            [
              -99.2365462,
              19.5103302
            ],
            [
              -99.2368102,
              19.5086962
            ],
            [
              -99.2370082,
              19.5057822
            ],
            [
              -99.2369938,
              19.4995067
            ],
            [
              -99.2359449,
              19.4996481
            ],
            [
              -99.233893,
              19.4999793
            ],
            [
              -99.231723,
              19.500313
            ],
            [
              -99.2308682,
              19.500452
            ],
            [
              -99.2303634,
              19.5007382
            ],
            [
              -99.2298846,
              19.5013824
            ],
            [
              -99.2296225,
              19.5016626
            ],
            [
              -99.2295135,
              19.5016026
            ],
            [
              -99.2266542,
              19.5043357
            ],
            [
              -99.2227442,
              19.5022017
            ],
            [
              -99.2221882,
              19.5027527
            ],
            [
              -99.2214728,
              19.502938
            ],
            [
              -99.2174845,
              19.5058933
            ],
            [
              -99.2203248,
              19.507044
            ],
            [
              -99.2210431,
              19.5073363
            ],
            [
              -99.2195185,
              19.5097944
            ],
            [
              -99.2212587,
              19.5106491
            ],
            [
              -99.2272632,
              19.5145034
            ],
            [
              -99.2295728,
              19.515716
            ],
            [
              -99.2300009,
              19.5179516
            ],
            [
              -99.2311655,
              19.5182485
            ]
          ]
        ]
      },
      "properties": {
        "name": "Cuadrante 18",
        "folder": "MAPA BASE- SECTOR NORTE-NAUCALPAN.csv.csv",
        "Autoridad": "Guardia Municipal",
        "Responsable": "MARTÍNEZ VERGARA EDGAR",
        "No. Telefonico": "5.534776951E18"
      }
    },
    {
      "type": "Feature",
      "geometry": {
        "type": "Polygon",
        "coordinates": [
          [
            [
              -99.2501741,
              19.5010101
            ],
            [
              -99.2499237,
              19.5002572
            ],
            [
              -99.2497269,
              19.4996471
            ],
            [
              -99.2496847,
              19.499155
            ],
            [
              -99.2497639,
              19.4988461
            ],
            [
              -99.2500471,
              19.4984188
            ],
            [
              -99.2499912,
              19.4981677
            ],
            [
              -99.2497274,
              19.4975291
            ],
            [
              -99.2382543,
              19.4991371
            ],
            [
              -99.2377612,
              19.4990921
            ],
            [
              -99.2370092,
              19.4993141
            ],
            [
              -99.2370118,
              19.5086715
            ],
            [
              -99.2387307,
              19.5088647
            ],
            [
              -99.2395993,
              19.5089769
            ],
            [
              -99.2417627,
              19.5091964
            ],
            [
              -99.2427332,
              19.5090944
            ],
            [
              -99.2434876,
              19.5087944
            ],
            [
              -99.2441844,
              19.5082644
            ],
            [
              -99.2445756,
              19.5086516
            ],
            [
              -99.2450098,
              19.5089503
            ],
            [
              -99.2454263,
              19.5092103
            ],
            [
              -99.2458281,
              19.5094817
            ],
            [
              -99.2463036,
              19.5098453
            ],
            [
              -99.2465318,
              19.5102835
            ],
            [
              -99.246747,
              19.5103573
            ],
            [
              -99.2471061,
              19.5104385
            ],
            [
              -99.247476,
              19.5105489
            ],
            [
              -99.2476087,
              19.510472
            ],
            [
              -99.2481101,
              19.5099615
            ],
            [
              -99.2490862,
              19.509249
            ],
            [
              -99.2510571,
              19.5077481
            ],
            [
              -99.2514086,
              19.5074601
            ],
            [
              -99.2516809,
              19.50721
            ],
            [
              -99.251701,
              19.5064295
            ],
            [
              -99.2516809,
              19.505834
            ],
            [
              -99.2511955,
              19.5042543
            ],
            [
              -99.2505614,
              19.5021955
            ],
            [
              -99.2504966,
              19.5020537
            ],
            [
              -99.2501741,
              19.5010101
            ]
          ]
        ]
      },
      "properties": {
        "name": "Cuadrante 27",
        "folder": "MAPA BASE- SECTOR NORTE-NAUCALPAN.csv.csv",
        "Autoridad": "Guardia Municipal",
        "Responsable": "FLORES ROMOS IVAN",
        "No. Telefonico": "5.51826564E17"
      }
    },
    {
      "type": "Feature",
      "geometry": {
        "type": "Polygon",
        "coordinates": [
          [
            [
              -99.2719432,
              19.524048
            ],
            [
              -99.2724829,
              19.5247471
            ],
            [
              -99.2700225,
              19.5294181
            ],
            [
              -99.2708112,
              19.5289402
            ],
            [
              -99.2727944,
              19.5294017
            ],
            [
              -99.2734374,
              19.5285284
            ],
            [
              -99.2745452,
              19.5289349
            ],
            [
              -99.2751644,
              19.5278576
            ],
            [
              -99.2777235,
              19.5271804
            ],
            [
              -99.2787769,
              19.5272055
            ],
            [
              -99.2792545,
              19.5272248
            ],
            [
              -99.279962,
              19.5251674
            ],
            [
              -99.2798291,
              19.5235347
            ],
            [
              -99.280912,
              19.5232515
            ],
            [
              -99.282842,
              19.5205435
            ],
            [
              -99.2812927,
              19.5191479
            ],
            [
              -99.2806161,
              19.5185106
            ],
            [
              -99.2799289,
              19.5174535
            ],
            [
              -99.2803529,
              19.5171105
            ],
            [
              -99.2803149,
              19.5156895
            ],
            [
              -99.2790279,
              19.5153205
            ],
            [
              -99.2778948,
              19.5096673
            ],
            [
              -99.2771789,
              19.5101775
            ],
            [
              -99.2765349,
              19.5103295
            ],
            [
              -99.2756738,
              19.5101423
            ],
            [
              -99.2760068,
              19.5091003
            ],
            [
              -99.274294,
              19.5075575
            ],
            [
              -99.2741705,
              19.5073952
            ],
            [
              -99.27394,
              19.5071025
            ],
            [
              -99.273608,
              19.5065865
            ],
            [
              -99.2735892,
              19.5066017
            ],
            [
              -99.2720739,
              19.5081355
            ],
            [
              -99.2719389,
              19.5084225
            ],
            [
              -99.26963,
              19.5082697
            ],
            [
              -99.2678985,
              19.5090778
            ],
            [
              -99.2683908,
              19.5102488
            ],
            [
              -99.2678663,
              19.5110046
            ],
            [
              -99.2657307,
              19.5118194
            ],
            [
              -99.2623782,
              19.5117124
            ],
            [
              -99.2620583,
              19.5118742
            ],
            [
              -99.2626303,
              19.512031
            ],
            [
              -99.2635408,
              19.5120766
            ],
            [
              -99.2644353,
              19.5121232
            ],
            [
              -99.2652183,
              19.5123002
            ],
            [
              -99.2654003,
              19.5127552
            ],
            [
              -99.2655293,
              19.5142062
            ],
            [
              -99.2654249,
              19.5144955
            ],
            [
              -99.2654413,
              19.5153892
            ],
            [
              -99.2644353,
              19.5152682
            ],
            [
              -99.2620079,
              19.5154185
            ],
            [
              -99.2612839,
              19.5154585
            ],
            [
              -99.260635,
              19.5156705
            ],
            [
              -99.260039,
              19.5160895
            ],
            [
              -99.259803,
              19.5163815
            ],
            [
              -99.2594,
              19.5169665
            ],
            [
              -99.259033,
              19.5175385
            ],
            [
              -99.258675,
              19.5180855
            ],
            [
              -99.258241,
              19.5188505
            ],
            [
              -99.2579969,
              19.5191795
            ],
            [
              -99.2574293,
              19.5194492
            ],
            [
              -99.2570249,
              19.519509
            ],
            [
              -99.2584176,
              19.521763
            ],
            [
              -99.2594144,
              19.5221063
            ],
            [
              -99.2615205,
              19.521287
            ],
            [
              -99.2634881,
              19.5215805
            ],
            [
              -99.2623349,
              19.5224693
            ],
            [
              -99.2631539,
              19.5240938
            ],
            [
              -99.2626095,
              19.5259181
            ],
            [
              -99.2632168,
              19.5274357
            ],
            [
              -99.2642449,
              19.5275226
            ],
            [
              -99.2655698,
              19.5262462
            ],
            [
              -99.2664062,
              19.5237295
            ],
            [
              -99.2681749,
              19.5209624
            ],
            [
              -99.2687125,
              19.5212844
            ],
            [
              -99.268236,
              19.5229506
            ],
            [
              -99.2672763,
              19.5261154
            ],
            [
              -99.2693649,
              19.5251863
            ],
            [
              -99.2704793,
              19.5241371
            ],
            [
              -99.2719432,
              19.524048
            ]
          ]
        ]
      },
      "properties": {
        "name": "Cuadrante 24",
        "folder": "MAPA BASE- SECTOR NORTE-NAUCALPAN.csv.csv",
        "Autoridad": "Guardia Municipal",
        "Responsable": "ESTRADA ROMERO GERARDO NOÉ",
        "No. Telefonico": "5.534430879E18"
      }
    },
    {
      "type": "Feature",
      "geometry": {
        "type": "Polygon",
        "coordinates": [
          [
            [
              -99.2406654,
              19.4734302
            ],
            [
              -99.2405652,
              19.4705121
            ],
            [
              -99.2400771,
              19.4685912
            ],
            [
              -99.2375631,
              19.4694552
            ],
            [
              -99.2382421,
              19.4679602
            ],
            [
              -99.2382981,
              19.4676112
            ],
            [
              -99.2382801,
              19.4672272
            ],
            [
              -99.2381571,
              19.4667732
            ],
            [
              -99.2375371,
              19.4666792
            ],
            [
              -99.2372041,
              19.4666532
            ],
            [
              -99.2365491,
              19.4664502
            ],
            [
              -99.2364321,
              19.4666572
            ],
            [
              -99.2363791,
              19.4668482
            ],
            [
              -99.2361821,
              19.4672302
            ],
            [
              -99.2359951,
              19.4676192
            ],
            [
              -99.2353441,
              19.4673882
            ],
            [
              -99.2347471,
              19.4672892
            ],
            [
              -99.2340791,
              19.4671382
            ],
            [
              -99.2337271,
              19.4671322
            ],
            [
              -99.2333411,
              19.4673642
            ],
            [
              -99.2331911,
              19.4675362
            ],
            [
              -99.2332391,
              19.4677592
            ],
            [
              -99.2333621,
              19.4679612
            ],
            [
              -99.2333191,
              19.4681842
            ],
            [
              -99.2331161,
              19.4682542
            ],
            [
              -99.2325041,
              19.4683462
            ],
            [
              -99.2323001,
              19.4686292
            ],
            [
              -99.2323111,
              19.4689222
            ],
            [
              -99.2323651,
              19.4690332
            ],
            [
              -99.2325521,
              19.4690512
            ],
            [
              -99.2326661,
              19.4692132
            ],
            [
              -99.2328901,
              19.4693092
            ],
            [
              -99.2329871,
              19.4694312
            ],
            [
              -99.2330241,
              19.4695982
            ],
            [
              -99.2329761,
              19.4699772
            ],
            [
              -99.2327671,
              19.4703062
            ],
            [
              -99.2324761,
              19.4704142
            ],
            [
              -99.2323681,
              19.4705132
            ],
            [
              -99.2323061,
              19.4706442
            ],
            [
              -99.2323381,
              19.4708372
            ],
            [
              -99.2323231,
              19.4710182
            ],
            [
              -99.2323591,
              19.4713222
            ],
            [
              -99.2318871,
              19.4717342
            ],
            [
              -99.2317321,
              19.4715952
            ],
            [
              -99.2316301,
              19.4715952
            ],
            [
              -99.2314971,
              19.4715722
            ],
            [
              -99.2313511,
              19.4715502
            ],
            [
              -99.2311581,
              19.4715452
            ],
            [
              -99.2306801,
              19.4716762
            ],
            [
              -99.2303801,
              19.4719852
            ],
            [
              -99.2301811,
              19.4721062
            ],
            [
              -99.2300101,
              19.4721062
            ],
            [
              -99.2297521,
              19.4720402
            ],
            [
              -99.2296021,
              19.4721012
            ],
            [
              -99.2294251,
              19.4722732
            ],
            [
              -99.2283362,
              19.4726423
            ],
            [
              -99.2322193,
              19.4801884
            ],
            [
              -99.2323049,
              19.4801359
            ],
            [
              -99.2326809,
              19.4791462
            ],
            [
              -99.2338144,
              19.4775289
            ],
            [
              -99.2340541,
              19.4760424
            ],
            [
              -99.2347635,
              19.4753786
            ],
            [
              -99.2352108,
              19.4749796
            ],
            [
              -99.2359735,
              19.474195
            ],
            [
              -99.2356506,
              19.4740805
            ],
            [
              -99.2371057,
              19.4730644
            ],
            [
              -99.2391333,
              19.4735908
            ],
            [
              -99.2394588,
              19.473585
            ],
            [
              -99.2391721,
              19.4727445
            ],
            [
              -99.2393586,
              19.4727061
            ],
            [
              -99.239719,
              19.472809
            ],
            [
              -99.2406654,
              19.4734302
            ]
          ]
        ]
      },
      "properties": {
        "name": "Cuadrante 01",
        "folder": "MAPA BASE- SECTOR SUR-NAUCALPAN.csv (1).csv",
        "Sector": "Sector Sur",
        "Autoridad": "Guardia Municipal",
        "Responsable": "LORENZO PEREZ DIAZ",
        "No. Telefonico": "5.511731945E18"
      }
    },
    {
      "type": "Feature",
      "geometry": {
        "type": "Polygon",
        "coordinates": [
          [
            [
              -99.228261,
              19.47244
            ],
            [
              -99.221937,
              19.460315
            ],
            [
              -99.221392,
              19.459549
            ],
            [
              -99.219305,
              19.464588
            ],
            [
              -99.21961,
              19.464683
            ],
            [
              -99.218062,
              19.469158
            ],
            [
              -99.217539,
              19.46887
            ],
            [
              -99.216901,
              19.470631
            ],
            [
              -99.216297,
              19.472408
            ],
            [
              -99.215867,
              19.473591
            ],
            [
              -99.22132,
              19.475107
            ],
            [
              -99.221488,
              19.476718
            ],
            [
              -99.221081,
              19.477825
            ],
            [
              -99.220284,
              19.48036
            ],
            [
              -99.221968,
              19.480841
            ],
            [
              -99.222622,
              19.481029
            ],
            [
              -99.22404,
              19.481445
            ],
            [
              -99.22391,
              19.481787
            ],
            [
              -99.23041,
              19.483904
            ],
            [
              -99.231363,
              19.481324
            ],
            [
              -99.2315363,
              19.480455
            ],
            [
              -99.232214,
              19.4801707
            ],
            [
              -99.228261,
              19.47244
            ]
          ]
        ]
      },
      "properties": {
        "name": "Cuadrante 04",
        "folder": "MAPA BASE- SECTOR SUR-NAUCALPAN.csv (1).csv",
        "Sector": "Sector Sur",
        "Autoridad": "Guardia Municipal",
        "Responsable": "JIMENEZ GUADARRAMA JOSE LUIS",
        "No. Telefonico": "5.534815599E18"
      }
    },
    {
      "type": "Feature",
      "geometry": {
        "type": "Polygon",
        "coordinates": [
          [
            [
              -99.2503558,
              19.4589957
            ],
            [
              -99.2505078,
              19.4551717
            ],
            [
              -99.2497788,
              19.4553137
            ],
            [
              -99.2495858,
              19.4558397
            ],
            [
              -99.2484378,
              19.4563857
            ],
            [
              -99.2482698,
              19.4542197
            ],
            [
              -99.2486358,
              19.4526437
            ],
            [
              -99.2492978,
              19.4520847
            ],
            [
              -99.2495068,
              19.4502317
            ],
            [
              -99.2476398,
              19.4498167
            ],
            [
              -99.2456874,
              19.4480606
            ],
            [
              -99.2456014,
              19.4477446
            ],
            [
              -99.2457878,
              19.4473457
            ],
            [
              -99.2456165,
              19.4473306
            ],
            [
              -99.2439909,
              19.4486299
            ],
            [
              -99.2428135,
              19.4508936
            ],
            [
              -99.2419149,
              19.4519949
            ],
            [
              -99.2396349,
              19.4542659
            ],
            [
              -99.2382059,
              19.4544779
            ],
            [
              -99.2382435,
              19.4549786
            ],
            [
              -99.2380825,
              19.4551866
            ],
            [
              -99.2372362,
              19.4560395
            ],
            [
              -99.2365615,
              19.4567306
            ],
            [
              -99.2366465,
              19.4573836
            ],
            [
              -99.2365925,
              19.4574946
            ],
            [
              -99.2362235,
              19.4573996
            ],
            [
              -99.2360625,
              19.4575536
            ],
            [
              -99.2358215,
              19.4587606
            ],
            [
              -99.2355695,
              19.4588206
            ],
            [
              -99.2351735,
              19.4586606
            ],
            [
              -99.2344225,
              19.4582156
            ],
            [
              -99.2341065,
              19.4580036
            ],
            [
              -99.2338485,
              19.4579576
            ],
            [
              -99.2330545,
              19.4579776
            ],
            [
              -99.2327219,
              19.4581049
            ],
            [
              -99.2322775,
              19.4584986
            ],
            [
              -99.2318535,
              19.4587216
            ],
            [
              -99.2309655,
              19.4589926
            ],
            [
              -99.2289145,
              19.459534
            ],
            [
              -99.2262849,
              19.4587359
            ],
            [
              -99.222048,
              19.4540308
            ],
            [
              -99.2216189,
              19.4534239
            ],
            [
              -99.2212584,
              19.4530658
            ],
            [
              -99.2208979,
              19.4528696
            ],
            [
              -99.2205632,
              19.4529222
            ],
            [
              -99.2201083,
              19.4529466
            ],
            [
              -99.2200353,
              19.4562092
            ],
            [
              -99.2193521,
              19.4564043
            ],
            [
              -99.2198141,
              19.4572743
            ],
            [
              -99.221392,
              19.459549
            ],
            [
              -99.221937,
              19.460315
            ],
            [
              -99.2283362,
              19.4726423
            ],
            [
              -99.2294251,
              19.4722732
            ],
            [
              -99.2296021,
              19.4721012
            ],
            [
              -99.2297521,
              19.4720402
            ],
            [
              -99.2300101,
              19.4721062
            ],
            [
              -99.2301811,
              19.4721062
            ],
            [
              -99.2303801,
              19.4719852
            ],
            [
              -99.2306801,
              19.4716762
            ],
            [
              -99.2311581,
              19.4715452
            ],
            [
              -99.2313511,
              19.4715502
            ],
            [
              -99.2316301,
              19.4715952
            ],
            [
              -99.2317321,
              19.4715952
            ],
            [
              -99.2318871,
              19.4717342
            ],
            [
              -99.2323591,
              19.4713222
            ],
            [
              -99.2323231,
              19.4710182
            ],
            [
              -99.2323381,
              19.4708372
            ],
            [
              -99.2323061,
              19.4706442
            ],
            [
              -99.2323681,
              19.4705132
            ],
            [
              -99.2324761,
              19.4704142
            ],
            [
              -99.2327671,
              19.4703062
            ],
            [
              -99.2329599,
              19.4700329
            ],
            [
              -99.2330241,
              19.4695982
            ],
            [
              -99.2329871,
              19.4694312
            ],
            [
              -99.2328901,
              19.4693092
            ],
            [
              -99.2326661,
              19.4692132
            ],
            [
              -99.2325521,
              19.4690512
            ],
            [
              -99.2323651,
              19.4690332
            ],
            [
              -99.2323111,
              19.4689222
            ],
            [
              -99.2322839,
              19.4686849
            ],
            [
              -99.2325041,
              19.4683462
            ],
            [
              -99.2331161,
              19.4682542
            ],
            [
              -99.2333191,
              19.4681842
            ],
            [
              -99.2333621,
              19.4679612
            ],
            [
              -99.2332391,
              19.4677592
            ],
            [
              -99.2331911,
              19.4675362
            ],
            [
              -99.2333411,
              19.4673642
            ],
            [
              -99.2337271,
              19.4671322
            ],
            [
              -99.2340791,
              19.4671382
            ],
            [
              -99.2347471,
              19.4672892
            ],
            [
              -99.2359951,
              19.4676192
            ],
            [
              -99.2363791,
              19.4668482
            ],
            [
              -99.2364321,
              19.4666572
            ],
            [
              -99.2365491,
              19.4664502
            ],
            [
              -99.2372041,
              19.4666532
            ],
            [
              -99.2375371,
              19.4666792
            ],
            [
              -99.2385999,
              19.4668439
            ],
            [
              -99.240287,
              19.4653203
            ],
            [
              -99.2417749,
              19.4615023
            ],
            [
              -99.2425869,
              19.4617503
            ],
            [
              -99.2433339,
              19.4603973
            ],
            [
              -99.2438319,
              19.4604053
            ],
            [
              -99.2444498,
              19.4595745
            ],
            [
              -99.2460726,
              19.4589423
            ],
            [
              -99.2471819,
              19.4585753
            ],
            [
              -99.2489989,
              19.4585023
            ],
            [
              -99.2503558,
              19.4589957
            ]
          ]
        ]
      },
      "properties": {
        "name": "Cuadrante 05",
        "folder": "MAPA BASE- SECTOR SUR-NAUCALPAN.csv (1).csv",
        "Sector": "Sector Sur",
        "Autoridad": "Guardia Municipal",
        "Responsable": "AYALA FLORES LUIS DAVID",
        "No. Telefonico": "5.591906796E18"
      }
    },
    {
      "type": "Feature",
      "geometry": {
        "type": "Polygon",
        "coordinates": [
          [
            [
              -99.2475725,
              19.4781591
            ],
            [
              -99.2481788,
              19.478314
            ],
            [
              -99.2485435,
              19.4788172
            ],
            [
              -99.2486025,
              19.4791598
            ],
            [
              -99.2484965,
              19.4794639
            ],
            [
              -99.2487854,
              19.4792149
            ],
            [
              -99.2505592,
              19.4798369
            ],
            [
              -99.2514941,
              19.4793734
            ],
            [
              -99.2518161,
              19.4784834
            ],
            [
              -99.2529578,
              19.4773953
            ],
            [
              -99.2544214,
              19.4767017
            ],
            [
              -99.2546666,
              19.4761711
            ],
            [
              -99.2546631,
              19.4751694
            ],
            [
              -99.2551789,
              19.4725222
            ],
            [
              -99.2551647,
              19.4718732
            ],
            [
              -99.2554409,
              19.4715573
            ],
            [
              -99.2552687,
              19.4714132
            ],
            [
              -99.2555367,
              19.4710772
            ],
            [
              -99.2557647,
              19.4705192
            ],
            [
              -99.2580107,
              19.4684792
            ],
            [
              -99.2578377,
              19.4679107
            ],
            [
              -99.2583427,
              19.4677187
            ],
            [
              -99.2581667,
              19.4671387
            ],
            [
              -99.2584767,
              19.4670697
            ],
            [
              -99.2590167,
              19.4668697
            ],
            [
              -99.2597697,
              19.4667057
            ],
            [
              -99.2601197,
              19.4662697
            ],
            [
              -99.2608107,
              19.4659447
            ],
            [
              -99.2612737,
              19.4657197
            ],
            [
              -99.2605127,
              19.4658867
            ],
            [
              -99.2591897,
              19.4662797
            ],
            [
              -99.2590477,
              19.4663027
            ],
            [
              -99.2583937,
              19.4664557
            ],
            [
              -99.2579217,
              19.4663707
            ],
            [
              -99.2572767,
              19.4660257
            ],
            [
              -99.2569277,
              19.4658867
            ],
            [
              -99.2566187,
              19.4658237
            ],
            [
              -99.2562107,
              19.4657897
            ],
            [
              -99.2551607,
              19.4660047
            ],
            [
              -99.2545607,
              19.4660667
            ],
            [
              -99.2540767,
              19.4661227
            ],
            [
              -99.2530637,
              19.4663947
            ],
            [
              -99.2521527,
              19.4667057
            ],
            [
              -99.2506107,
              19.4671587
            ],
            [
              -99.2503627,
              19.4656817
            ],
            [
              -99.2498516,
              19.4655087
            ],
            [
              -99.2493486,
              19.4651607
            ],
            [
              -99.2492586,
              19.4648857
            ],
            [
              -99.2493636,
              19.4646727
            ],
            [
              -99.2502667,
              19.4636667
            ],
            [
              -99.2500536,
              19.4631137
            ],
            [
              -99.2497056,
              19.4621497
            ],
            [
              -99.2481446,
              19.4627827
            ],
            [
              -99.2474546,
              19.4629697
            ],
            [
              -99.2464836,
              19.4631487
            ],
            [
              -99.2453566,
              19.4633907
            ],
            [
              -99.2447166,
              19.4635947
            ],
            [
              -99.2419256,
              19.4647677
            ],
            [
              -99.2419676,
              19.4650227
            ],
            [
              -99.2411924,
              19.4647812
            ],
            [
              -99.240287,
              19.4653203
            ],
            [
              -99.2385999,
              19.4668439
            ],
            [
              -99.2381516,
              19.4667757
            ],
            [
              -99.2382091,
              19.46697
            ],
            [
              -99.2382826,
              19.4672627
            ],
            [
              -99.2382926,
              19.4676137
            ],
            [
              -99.2382366,
              19.4679627
            ],
            [
              -99.2375576,
              19.4694577
            ],
            [
              -99.2400716,
              19.4685937
            ],
            [
              -99.2405652,
              19.4705121
            ],
            [
              -99.2406358,
              19.4730066
            ],
            [
              -99.2406654,
              19.4734302
            ],
            [
              -99.2398455,
              19.4737348
            ],
            [
              -99.2422149,
              19.4735997
            ],
            [
              -99.2457486,
              19.4736397
            ],
            [
              -99.2473326,
              19.4751937
            ],
            [
              -99.2462506,
              19.4769447
            ],
            [
              -99.2458092,
              19.4778826
            ],
            [
              -99.2463482,
              19.4781681
            ],
            [
              -99.2475725,
              19.4781591
            ]
          ]
        ]
      },
      "properties": {
        "name": "Cuadrante 06",
        "folder": "MAPA BASE- SECTOR SUR-NAUCALPAN.csv (1).csv",
        "Sector": "Sector Sur",
        "Autoridad": "Guardia Municipal",
        "Responsable": "GARCÍA ALEJANDRE JUAN MANUEL",
        "No. Telefonico": "5.539708328E18"
      }
    },
    {
      "type": "Feature",
      "geometry": {
        "type": "Polygon",
        "coordinates": [
          [
            [
              -99.2163142,
              19.4724113
            ],
            [
              -99.2162962,
              19.4723793
            ],
            [
              -99.2175382,
              19.4687403
            ],
            [
              -99.2180612,
              19.4691293
            ],
            [
              -99.2196091,
              19.4646543
            ],
            [
              -99.2192881,
              19.4645643
            ],
            [
              -99.2211511,
              19.4601643
            ],
            [
              -99.2214061,
              19.4595783
            ],
            [
              -99.2201151,
              19.4577033
            ],
            [
              -99.2198141,
              19.4572743
            ],
            [
              -99.2193521,
              19.4564043
            ],
            [
              -99.2200353,
              19.4562092
            ],
            [
              -99.2200703,
              19.4548921
            ],
            [
              -99.2200748,
              19.453712
            ],
            [
              -99.2199911,
              19.4529223
            ],
            [
              -99.2194101,
              19.4529553
            ],
            [
              -99.2188111,
              19.4531103
            ],
            [
              -99.2182472,
              19.4533263
            ],
            [
              -99.2176512,
              19.4535673
            ],
            [
              -99.2170112,
              19.4541933
            ],
            [
              -99.2152521,
              19.4564223
            ],
            [
              -99.2142721,
              19.4586493
            ],
            [
              -99.2140681,
              19.4594843
            ],
            [
              -99.2138671,
              19.4605183
            ],
            [
              -99.2126811,
              19.4623973
            ],
            [
              -99.2132111,
              19.4627203
            ],
            [
              -99.2136021,
              19.4629083
            ],
            [
              -99.2131421,
              19.4640843
            ],
            [
              -99.2121301,
              19.4670623
            ],
            [
              -99.2119621,
              19.4670423
            ],
            [
              -99.2117942,
              19.4670593
            ],
            [
              -99.2114932,
              19.4678963
            ],
            [
              -99.2109652,
              19.4682243
            ],
            [
              -99.2104522,
              19.4687393
            ],
            [
              -99.2100222,
              19.4692573
            ],
            [
              -99.2086491,
              19.4700613
            ],
            [
              -99.2077271,
              19.4697983
            ],
            [
              -99.2069821,
              19.4710833
            ],
            [
              -99.2071201,
              19.4711943
            ],
            [
              -99.2158841,
              19.4735943
            ],
            [
              -99.2163142,
              19.4724113
            ]
          ]
        ]
      },
      "properties": {
        "name": "Cuadrante 11",
        "folder": "MAPA BASE- SECTOR SUR-NAUCALPAN.csv (1).csv",
        "Sector": "Sector Sur",
        "Autoridad": "Guardia Municipal",
        "Responsable": "ERICK ARTURO HERRERA CRUZ",
        "No. Telefonico": "5.586844874E18"
      }
    },
    {
      "type": "Feature",
      "geometry": {
        "type": "Polygon",
        "coordinates": [
          [
            [
              -99.2620034,
              19.4537966
            ],
            [
              -99.2613764,
              19.4524776
            ],
            [
              -99.2610194,
              19.4511046
            ],
            [
              -99.2609444,
              19.4507406
            ],
            [
              -99.2611214,
              19.4506066
            ],
            [
              -99.2608474,
              19.4503586
            ],
            [
              -99.2610954,
              19.4501006
            ],
            [
              -99.2616804,
              19.4495126
            ],
            [
              -99.2619214,
              19.4492036
            ],
            [
              -99.2629534,
              19.4487496
            ],
            [
              -99.2637184,
              19.4483916
            ],
            [
              -99.2644154,
              19.4480076
            ],
            [
              -99.2652674,
              19.4475326
            ],
            [
              -99.2655994,
              19.4473926
            ],
            [
              -99.2657784,
              19.4474456
            ],
            [
              -99.2665644,
              19.4471686
            ],
            [
              -99.2668914,
              19.4470406
            ],
            [
              -99.2668024,
              19.4465566
            ],
            [
              -99.2666644,
              19.4458576
            ],
            [
              -99.2664634,
              19.4448146
            ],
            [
              -99.2662964,
              19.4441436
            ],
            [
              -99.2671354,
              19.4437626
            ],
            [
              -99.2662634,
              19.4438036
            ],
            [
              -99.2657654,
              19.4437316
            ],
            [
              -99.2642094,
              19.4438786
            ],
            [
              -99.2638354,
              19.4438826
            ],
            [
              -99.2637664,
              19.4434896
            ],
            [
              -99.2638344,
              19.4433116
            ],
            [
              -99.2636344,
              19.4423966
            ],
            [
              -99.2635204,
              19.4423006
            ],
            [
              -99.2634034,
              19.4416896
            ],
            [
              -99.2631304,
              19.4415946
            ],
            [
              -99.2622214,
              19.4427156
            ],
            [
              -99.2617644,
              19.4423776
            ],
            [
              -99.2616204,
              19.4422766
            ],
            [
              -99.2610694,
              19.4419716
            ],
            [
              -99.2607054,
              19.4417746
            ],
            [
              -99.2602554,
              19.4418406
            ],
            [
              -99.2600224,
              19.4419786
            ],
            [
              -99.2597304,
              19.4421786
            ],
            [
              -99.2594944,
              19.4423306
            ],
            [
              -99.2593684,
              19.4424266
            ],
            [
              -99.2590314,
              19.4425566
            ],
            [
              -99.2586824,
              19.4427086
            ],
            [
              -99.2585724,
              19.4425736
            ],
            [
              -99.2578704,
              19.4422796
            ],
            [
              -99.2578334,
              19.4422486
            ],
            [
              -99.2576564,
              19.4423406
            ],
            [
              -99.2574104,
              19.4424666
            ],
            [
              -99.2571944,
              19.4424166
            ],
            [
              -99.2568714,
              19.4423226
            ],
            [
              -99.2565334,
              19.4422546
            ],
            [
              -99.2563914,
              19.4423066
            ],
            [
              -99.2563294,
              19.4423546
            ],
            [
              -99.2559854,
              19.4422376
            ],
            [
              -99.2555934,
              19.4422626
            ],
            [
              -99.2553844,
              19.4422876
            ],
            [
              -99.2548444,
              19.4426316
            ],
            [
              -99.2545304,
              19.4422326
            ],
            [
              -99.2534714,
              19.4429846
            ],
            [
              -99.2525534,
              19.4432306
            ],
            [
              -99.2516234,
              19.4431826
            ],
            [
              -99.2496504,
              19.4443506
            ],
            [
              -99.2494444,
              19.4449706
            ],
            [
              -99.2486394,
              19.4452336
            ],
            [
              -99.2483244,
              19.4453726
            ],
            [
              -99.2479444,
              19.4453896
            ],
            [
              -99.2475534,
              19.4451136
            ],
            [
              -99.2472644,
              19.4449636
            ],
            [
              -99.2469674,
              19.4450046
            ],
            [
              -99.2468314,
              19.4450716
            ],
            [
              -99.2467134,
              19.4451826
            ],
            [
              -99.2465314,
              19.4454566
            ],
            [
              -99.2463764,
              19.4458606
            ],
            [
              -99.2462264,
              19.4466636
            ],
            [
              -99.2460395,
              19.4470246
            ],
            [
              -99.2457878,
              19.4473457
            ],
            [
              -99.2456014,
              19.4477446
            ],
            [
              -99.2456874,
              19.4480606
            ],
            [
              -99.2460174,
              19.4483466
            ],
            [
              -99.2466484,
              19.4489436
            ],
            [
              -99.2476774,
              19.4498116
            ],
            [
              -99.2495444,
              19.4502266
            ],
            [
              -99.2494724,
              19.4506126
            ],
            [
              -99.2493354,
              19.4520796
            ],
            [
              -99.2486734,
              19.4526386
            ],
            [
              -99.2485494,
              19.4531786
            ],
            [
              -99.2483074,
              19.4542146
            ],
            [
              -99.2484754,
              19.4563806
            ],
            [
              -99.2488504,
              19.4560876
            ],
            [
              -99.2494514,
              19.4559966
            ],
            [
              -99.2496234,
              19.4558346
            ],
            [
              -99.2498164,
              19.4553086
            ],
            [
              -99.2505454,
              19.4551666
            ],
            [
              -99.2504274,
              19.4578966
            ],
            [
              -99.2503934,
              19.4589906
            ],
            [
              -99.2510644,
              19.4589396
            ],
            [
              -99.2519624,
              19.4589496
            ],
            [
              -99.2533184,
              19.4596396
            ],
            [
              -99.2533154,
              19.4600286
            ],
            [
              -99.2537724,
              19.4599076
            ],
            [
              -99.2551004,
              19.4596566
            ],
            [
              -99.2559714,
              19.4594596
            ],
            [
              -99.2582604,
              19.4589356
            ],
            [
              -99.2594064,
              19.4578586
            ],
            [
              -99.2637684,
              19.4567666
            ],
            [
              -99.2643834,
              19.4565646
            ],
            [
              -99.2639274,
              19.4552826
            ],
            [
              -99.2640204,
              19.4551866
            ],
            [
              -99.2640894,
              19.4550986
            ],
            [
              -99.2643504,
              19.4540896
            ],
            [
              -99.2627504,
              19.4544086
            ],
            [
              -99.2615994,
              19.4551006
            ],
            [
              -99.2608694,
              19.4542406
            ],
            [
              -99.2613734,
              19.4540626
            ],
            [
              -99.2616794,
              19.4539576
            ],
            [
              -99.2620034,
              19.4537966
            ]
          ]
        ]
      },
      "properties": {
        "name": "Cuadrante 12",
        "folder": "MAPA BASE- SECTOR SUR-NAUCALPAN.csv (1).csv",
        "Sector": "Sector Sur",
        "Autoridad": "Guardia Municipal",
        "Responsable": "JAIMES NORIEGA FILEMON",
        "No. Telefonico": "5.530433494E18"
      }
    },
    {
      "type": "Feature",
      "geometry": {
        "type": "Polygon",
        "coordinates": [
          [
            [
              -99.2584708,
              19.467571
            ],
            [
              -99.2606348,
              19.468028
            ],
            [
              -99.2590504,
              19.468635
            ],
            [
              -99.2592004,
              19.468938
            ],
            [
              -99.2602528,
              19.4700496
            ],
            [
              -99.2627844,
              19.470293
            ],
            [
              -99.2639496,
              19.4705037
            ],
            [
              -99.2647194,
              19.471165
            ],
            [
              -99.2656233,
              19.4715104
            ],
            [
              -99.2659774,
              19.4715893
            ],
            [
              -99.2666883,
              19.4717554
            ],
            [
              -99.2678064,
              19.472133
            ],
            [
              -99.269823,
              19.4718132
            ],
            [
              -99.2707947,
              19.4719885
            ],
            [
              -99.2729024,
              19.472187
            ],
            [
              -99.2749061,
              19.4718825
            ],
            [
              -99.2766404,
              19.471562
            ],
            [
              -99.2775694,
              19.471244
            ],
            [
              -99.2783508,
              19.471162
            ],
            [
              -99.2791474,
              19.471261
            ],
            [
              -99.2799386,
              19.471723
            ],
            [
              -99.2801262,
              19.4724614
            ],
            [
              -99.2804105,
              19.473736
            ],
            [
              -99.2805607,
              19.474232
            ],
            [
              -99.2808398,
              19.475334
            ],
            [
              -99.2810438,
              19.476366
            ],
            [
              -99.2812688,
              19.477266
            ],
            [
              -99.2815258,
              19.477468
            ],
            [
              -99.2818798,
              19.477499
            ],
            [
              -99.2822348,
              19.477317
            ],
            [
              -99.2823528,
              19.476872
            ],
            [
              -99.2823737,
              19.476366
            ],
            [
              -99.2833077,
              19.475526
            ],
            [
              -99.2835007,
              19.474737
            ],
            [
              -99.283651,
              19.4748385
            ],
            [
              -99.2835303,
              19.4756332
            ],
            [
              -99.2835384,
              19.4757363
            ],
            [
              -99.283911,
              19.4765203
            ],
            [
              -99.2840926,
              19.4765578
            ],
            [
              -99.2845012,
              19.4762269
            ],
            [
              -99.2850051,
              19.475966
            ],
            [
              -99.2852127,
              19.47588
            ],
            [
              -99.2852361,
              19.4757865
            ],
            [
              -99.2852111,
              19.475698
            ],
            [
              -99.2842565,
              19.4752404
            ],
            [
              -99.2841867,
              19.4751737
            ],
            [
              -99.283995,
              19.4748759
            ],
            [
              -99.2838112,
              19.4747632
            ],
            [
              -99.2841117,
              19.474586
            ],
            [
              -99.2848197,
              19.475051
            ],
            [
              -99.2851848,
              19.47494
            ],
            [
              -99.2852898,
              19.474884
            ],
            [
              -99.2881248,
              19.475787
            ],
            [
              -99.2891058,
              19.475906
            ],
            [
              -99.2908607,
              19.475668
            ],
            [
              -99.2923947,
              19.475203
            ],
            [
              -99.2945408,
              19.47499
            ],
            [
              -99.2949378,
              19.474636
            ],
            [
              -99.2948948,
              19.474232
            ],
            [
              -99.2947438,
              19.473615
            ],
            [
              -99.2949588,
              19.47323
            ],
            [
              -99.2958498,
              19.472967
            ],
            [
              -99.2960858,
              19.472047
            ],
            [
              -99.2968528,
              19.471765
            ],
            [
              -99.2993518,
              19.472891
            ],
            [
              -99.3006078,
              19.47302
            ],
            [
              -99.3024848,
              19.473771
            ],
            [
              -99.3035338,
              19.473697
            ],
            [
              -99.3042068,
              19.473655
            ],
            [
              -99.3070338,
              19.471576
            ],
            [
              -99.3077908,
              19.47057
            ],
            [
              -99.3080588,
              19.469154
            ],
            [
              -99.3083918,
              19.468537
            ],
            [
              -99.3088848,
              19.468284
            ],
            [
              -99.3100118,
              19.468264
            ],
            [
              -99.3116048,
              19.468326
            ],
            [
              -99.3130368,
              19.470256
            ],
            [
              -99.3165128,
              19.471005
            ],
            [
              -99.3229179,
              19.469791
            ],
            [
              -99.3216739,
              19.467464
            ],
            [
              -99.3138418,
              19.466584
            ],
            [
              -99.3131438,
              19.466615
            ],
            [
              -99.3124578,
              19.466605
            ],
            [
              -99.3113568,
              19.466716
            ],
            [
              -99.3101698,
              19.466808
            ],
            [
              -99.3057808,
              19.464336
            ],
            [
              -99.3007338,
              19.46655
            ],
            [
              -99.2962728,
              19.466008
            ],
            [
              -99.2948968,
              19.466236
            ],
            [
              -99.2934768,
              19.466465
            ],
            [
              -99.2925277,
              19.466658
            ],
            [
              -99.2905577,
              19.46639
            ],
            [
              -99.2889518,
              19.466868
            ],
            [
              -99.2878268,
              19.467416
            ],
            [
              -99.2869628,
              19.46741
            ],
            [
              -99.2857988,
              19.467164
            ],
            [
              -99.2849718,
              19.46706
            ],
            [
              -99.2832448,
              19.467207
            ],
            [
              -99.2801747,
              19.468373
            ],
            [
              -99.2792434,
              19.4687396
            ],
            [
              -99.27467,
              19.4703834
            ],
            [
              -99.272332,
              19.4706596
            ],
            [
              -99.2700452,
              19.4698661
            ],
            [
              -99.2670498,
              19.4706823
            ],
            [
              -99.2650543,
              19.470336
            ],
            [
              -99.2643238,
              19.46982
            ],
            [
              -99.2633558,
              19.4687
            ],
            [
              -99.2614438,
              19.468015
            ],
            [
              -99.2601818,
              19.46765
            ],
            [
              -99.2597708,
              19.46751
            ],
            [
              -99.2604918,
              19.467625
            ],
            [
              -99.2622078,
              19.467606
            ],
            [
              -99.2629648,
              19.467469
            ],
            [
              -99.2637328,
              19.467261
            ],
            [
              -99.2651078,
              19.466993
            ],
            [
              -99.2676538,
              19.466847
            ],
            [
              -99.2682168,
              19.466723
            ],
            [
              -99.2705458,
              19.465767
            ],
            [
              -99.2709508,
              19.465738
            ],
            [
              -99.2711038,
              19.465494
            ],
            [
              -99.2736997,
              19.466001
            ],
            [
              -99.2742477,
              19.46508
            ],
            [
              -99.2750567,
              19.464474
            ],
            [
              -99.2755287,
              19.464108
            ],
            [
              -99.2763737,
              19.463553
            ],
            [
              -99.2783657,
              19.461948
            ],
            [
              -99.2784337,
              19.460877
            ],
            [
              -99.2780087,
              19.460594
            ],
            [
              -99.2779697,
              19.460302
            ],
            [
              -99.2782237,
              19.459517
            ],
            [
              -99.2779587,
              19.458177
            ],
            [
              -99.2781467,
              19.457618
            ],
            [
              -99.2783397,
              19.457101
            ],
            [
              -99.2785647,
              19.45696
            ],
            [
              -99.2778827,
              19.456229
            ],
            [
              -99.2776477,
              19.456324
            ],
            [
              -99.2772617,
              19.456267
            ],
            [
              -99.2768627,
              19.455788
            ],
            [
              -99.2768237,
              19.455713
            ],
            [
              -99.2767097,
              19.454566
            ],
            [
              -99.2765527,
              19.45457
            ],
            [
              -99.2764577,
              19.454229
            ],
            [
              -99.2763497,
              19.454058
            ],
            [
              -99.2762167,
              19.453804
            ],
            [
              -99.2760237,
              19.453147
            ],
            [
              -99.2748177,
              19.453519
            ],
            [
              -99.2742197,
              19.453678
            ],
            [
              -99.2737477,
              19.453789
            ],
            [
              -99.2731797,
              19.453868
            ],
            [
              -99.2714728,
              19.454124
            ],
            [
              -99.2712498,
              19.454282
            ],
            [
              -99.2712178,
              19.454356
            ],
            [
              -99.2708388,
              19.454885
            ],
            [
              -99.2706908,
              19.455048
            ],
            [
              -99.2704858,
              19.455176
            ],
            [
              -99.2686918,
              19.455643
            ],
            [
              -99.2670178,
              19.456516
            ],
            [
              -99.2659108,
              19.457029
            ],
            [
              -99.2647598,
              19.457557
            ],
            [
              -99.2606698,
              19.458909
            ],
            [
              -99.2610838,
              19.459501
            ],
            [
              -99.2606325,
              19.4599617
            ],
            [
              -99.2600678,
              19.4605682
            ],
            [
              -99.2599818,
              19.4612222
            ],
            [
              -99.2596568,
              19.4610162
            ],
            [
              -99.2593788,
              19.4609342
            ],
            [
              -99.2591808,
              19.4610292
            ],
            [
              -99.2587266,
              19.4616338
            ],
            [
              -99.258607,
              19.4617818
            ],
            [
              -99.258069,
              19.4623597
            ],
            [
              -99.2582837,
              19.4625461
            ],
            [
              -99.2584947,
              19.4626526
            ],
            [
              -99.2585675,
              19.4626302
            ],
            [
              -99.2589258,
              19.463875
            ],
            [
              -99.2579278,
              19.4644692
            ],
            [
              -99.2580216,
              19.4648117
            ],
            [
              -99.2581798,
              19.4653362
            ],
            [
              -99.2583518,
              19.4656292
            ],
            [
              -99.2586098,
              19.4657712
            ],
            [
              -99.2589462,
              19.4662873
            ],
            [
              -99.2604658,
              19.465832
            ],
            [
              -99.2613358,
              19.46564
            ],
            [
              -99.2601818,
              19.46619
            ],
            [
              -99.2598318,
              19.466626
            ],
            [
              -99.2589378,
              19.466823
            ],
            [
              -99.2585398,
              19.46699
            ],
            [
              -99.2582008,
              19.467064
            ],
            [
              -99.2583408,
              19.467482
            ],
            [
              -99.2584708,
              19.467571
            ]
          ]
        ]
      },
      "properties": {
        "name": "Cuadrante 13",
        "folder": "MAPA BASE- SECTOR SUR-NAUCALPAN.csv (1).csv",
        "Sector": "Sector Sur",
        "Autoridad": "Guardia Municipal",
        "Responsable": "MARTÍN AMADOR RAMÍREZ MARQUEZ",
        "No. Telefonico": "5.640401713E18"
      }
    },
    {
      "type": "Feature",
      "geometry": {
        "type": "Polygon",
        "coordinates": [
          [
            [
              -99.2355695,
              19.4588206
            ],
            [
              -99.2358215,
              19.4587606
            ],
            [
              -99.2360625,
              19.4575536
            ],
            [
              -99.2362235,
              19.4573996
            ],
            [
              -99.2365925,
              19.4574946
            ],
            [
              -99.2366465,
              19.4573836
            ],
            [
              -99.2365615,
              19.4567306
            ],
            [
              -99.2370549,
              19.4562321
            ],
            [
              -99.2374372,
              19.4558414
            ],
            [
              -99.2380825,
              19.4551866
            ],
            [
              -99.2382435,
              19.4549786
            ],
            [
              -99.2382059,
              19.4544779
            ],
            [
              -99.2385585,
              19.4544086
            ],
            [
              -99.2389965,
              19.4543406
            ],
            [
              -99.2396725,
              19.4542406
            ],
            [
              -99.2401535,
              19.4537916
            ],
            [
              -99.2407555,
              19.4532026
            ],
            [
              -99.2412175,
              19.4527836
            ],
            [
              -99.2416395,
              19.4523206
            ],
            [
              -99.2419525,
              19.4519696
            ],
            [
              -99.2422615,
              19.4516126
            ],
            [
              -99.2424915,
              19.4513116
            ],
            [
              -99.2428135,
              19.4508936
            ],
            [
              -99.2431335,
              19.4503546
            ],
            [
              -99.2434385,
              19.4498476
            ],
            [
              -99.2436715,
              19.4494196
            ],
            [
              -99.2438195,
              19.4490946
            ],
            [
              -99.2440285,
              19.4486046
            ],
            [
              -99.2456165,
              19.4473306
            ],
            [
              -99.2458095,
              19.4473306
            ],
            [
              -99.2460395,
              19.4470246
            ],
            [
              -99.2462105,
              19.4466536
            ],
            [
              -99.2463605,
              19.4458506
            ],
            [
              -99.2465155,
              19.4454466
            ],
            [
              -99.2466975,
              19.4451726
            ],
            [
              -99.2468155,
              19.4450616
            ],
            [
              -99.2469515,
              19.4449946
            ],
            [
              -99.2472485,
              19.4449536
            ],
            [
              -99.2475375,
              19.4451036
            ],
            [
              -99.2479285,
              19.4453796
            ],
            [
              -99.2483085,
              19.4453626
            ],
            [
              -99.2485395,
              19.4452466
            ],
            [
              -99.2494285,
              19.4449606
            ],
            [
              -99.2496075,
              19.4443906
            ],
            [
              -99.2494635,
              19.4441746
            ],
            [
              -99.2493245,
              19.4438456
            ],
            [
              -99.2495935,
              19.4433246
            ],
            [
              -99.2498425,
              19.4430466
            ],
            [
              -99.2507485,
              19.4424686
            ],
            [
              -99.2510855,
              19.4422306
            ],
            [
              -99.2514895,
              19.4419706
            ],
            [
              -99.2520135,
              19.4417236
            ],
            [
              -99.2534475,
              19.4410326
            ],
            [
              -99.2535255,
              19.4409636
            ],
            [
              -99.2536315,
              19.4409826
            ],
            [
              -99.2538015,
              19.4408076
            ],
            [
              -99.2540575,
              19.4404156
            ],
            [
              -99.2541635,
              19.4401246
            ],
            [
              -99.2545245,
              19.4401756
            ],
            [
              -99.2546915,
              19.4401626
            ],
            [
              -99.2548435,
              19.4400936
            ],
            [
              -99.2550655,
              19.4401336
            ],
            [
              -99.2554245,
              19.4398586
            ],
            [
              -99.2555955,
              19.4399356
            ],
            [
              -99.2557655,
              19.4398976
            ],
            [
              -99.2561495,
              19.4394466
            ],
            [
              -99.2564975,
              19.4393646
            ],
            [
              -99.2567335,
              19.4390086
            ],
            [
              -99.2572695,
              19.4389516
            ],
            [
              -99.2576315,
              19.4388036
            ],
            [
              -99.2579515,
              19.4388636
            ],
            [
              -99.2582825,
              19.4388476
            ],
            [
              -99.2589695,
              19.4378366
            ],
            [
              -99.2579055,
              19.4372706
            ],
            [
              -99.2580445,
              19.4366026
            ],
            [
              -99.2585565,
              19.4361366
            ],
            [
              -99.2590085,
              19.4355736
            ],
            [
              -99.2606625,
              19.4342106
            ],
            [
              -99.263769,
              19.433015
            ],
            [
              -99.263649,
              19.431623
            ],
            [
              -99.2610439,
              19.4289043
            ],
            [
              -99.25746,
              19.427069
            ],
            [
              -99.256006,
              19.427067
            ],
            [
              -99.255555,
              19.42476
            ],
            [
              -99.2526327,
              19.4228906
            ],
            [
              -99.2469509,
              19.4248226
            ],
            [
              -99.2448321,
              19.4245881
            ],
            [
              -99.2440049,
              19.4248197
            ],
            [
              -99.2431665,
              19.4242526
            ],
            [
              -99.242909,
              19.42403
            ],
            [
              -99.2427379,
              19.4231288
            ],
            [
              -99.2422515,
              19.4232416
            ],
            [
              -99.2415967,
              19.4231448
            ],
            [
              -99.2415146,
              19.423294
            ],
            [
              -99.2415345,
              19.4234482
            ],
            [
              -99.2404927,
              19.4243568
            ],
            [
              -99.2405221,
              19.424439
            ],
            [
              -99.2408215,
              19.4253146
            ],
            [
              -99.2419665,
              19.4258546
            ],
            [
              -99.2384345,
              19.4283576
            ],
            [
              -99.2382855,
              19.4286796
            ],
            [
              -99.2380545,
              19.4290186
            ],
            [
              -99.2382635,
              19.4292676
            ],
            [
              -99.2387525,
              19.4293266
            ],
            [
              -99.2388545,
              19.4294356
            ],
            [
              -99.2397615,
              19.4307616
            ],
            [
              -99.2430135,
              19.4305806
            ],
            [
              -99.2435185,
              19.4303636
            ],
            [
              -99.2437335,
              19.4299666
            ],
            [
              -99.2440635,
              19.4297566
            ],
            [
              -99.2445445,
              19.4296046
            ],
            [
              -99.2450635,
              19.4296956
            ],
            [
              -99.2454715,
              19.4299266
            ],
            [
              -99.2457205,
              19.4309516
            ],
            [
              -99.2452105,
              19.4310976
            ],
            [
              -99.2449625,
              19.4323116
            ],
            [
              -99.2447995,
              19.4323046
            ],
            [
              -99.2447755,
              19.4338906
            ],
            [
              -99.2456345,
              19.4338856
            ],
            [
              -99.2457305,
              19.4337586
            ],
            [
              -99.2467175,
              19.4344266
            ],
            [
              -99.2470695,
              19.4352736
            ],
            [
              -99.2477785,
              19.4390116
            ],
            [
              -99.2477475,
              19.4391866
            ],
            [
              -99.2476435,
              19.4392376
            ],
            [
              -99.2473255,
              19.4392326
            ],
            [
              -99.2470885,
              19.4392486
            ],
            [
              -99.2465095,
              19.4398246
            ],
            [
              -99.2464075,
              19.4401236
            ],
            [
              -99.2462655,
              19.4404246
            ],
            [
              -99.2458685,
              19.4406476
            ],
            [
              -99.2455495,
              19.4407776
            ],
            [
              -99.2454725,
              19.4408676
            ],
            [
              -99.2455065,
              19.4412076
            ],
            [
              -99.2456265,
              19.4413846
            ],
            [
              -99.2456585,
              19.4418796
            ],
            [
              -99.2453715,
              19.4425006
            ],
            [
              -99.2452275,
              19.4426396
            ],
            [
              -99.2449395,
              19.4427166
            ],
            [
              -99.2449275,
              19.4428336
            ],
            [
              -99.2450065,
              19.4430296
            ],
            [
              -99.2451825,
              19.4432496
            ],
            [
              -99.2449515,
              19.4434956
            ],
            [
              -99.2447055,
              19.4437446
            ],
            [
              -99.2444715,
              19.4439586
            ],
            [
              -99.2442225,
              19.4440566
            ],
            [
              -99.2440215,
              19.4442176
            ],
            [
              -99.2439535,
              19.4444446
            ],
            [
              -99.2442895,
              19.4451326
            ],
            [
              -99.2446285,
              19.4458626
            ],
            [
              -99.2447165,
              19.4461276
            ],
            [
              -99.2443265,
              19.4463166
            ],
            [
              -99.2426665,
              19.4470536
            ],
            [
              -99.2418515,
              19.4476026
            ],
            [
              -99.2414615,
              19.4478166
            ],
            [
              -99.2408605,
              19.4486836
            ],
            [
              -99.2399985,
              19.4497636
            ],
            [
              -99.2388515,
              19.4512126
            ],
            [
              -99.2385745,
              19.4515666
            ],
            [
              -99.2377645,
              19.4525906
            ],
            [
              -99.2354265,
              19.4542676
            ],
            [
              -99.2349295,
              19.4547106
            ],
            [
              -99.2347715,
              19.4547616
            ],
            [
              -99.2330365,
              19.4567166
            ],
            [
              -99.2321085,
              19.4578106
            ],
            [
              -99.2318755,
              19.4579046
            ],
            [
              -99.2312245,
              19.4586676
            ],
            [
              -99.2310415,
              19.4589176
            ],
            [
              -99.2309655,
              19.4589926
            ],
            [
              -99.2314075,
              19.4588636
            ],
            [
              -99.2318535,
              19.4587216
            ],
            [
              -99.2322775,
              19.4584986
            ],
            [
              -99.2325615,
              19.4582616
            ],
            [
              -99.2327595,
              19.4580796
            ],
            [
              -99.2330545,
              19.4579776
            ],
            [
              -99.2334145,
              19.4579576
            ],
            [
              -99.2338485,
              19.4579576
            ],
            [
              -99.2341065,
              19.4580036
            ],
            [
              -99.2344225,
              19.4582156
            ],
            [
              -99.2351735,
              19.4586606
            ],
            [
              -99.2355695,
              19.4588206
            ]
          ]
        ]
      },
      "properties": {
        "name": "Cuadrante 19",
        "folder": "MAPA BASE- SECTOR SUR-NAUCALPAN.csv (1).csv",
        "Sector": "Sector Sur",
        "Autoridad": "Guardia Municipal",
        "Responsable": "JUAN CARLOS CARDOSO VAENA",
        "No. Telefonico": "5.59108844E17"
      }
    },
    {
      "type": "Feature",
      "geometry": {
        "type": "Polygon",
        "coordinates": [
          [
            [
              -99.2733516,
              19.4279823
            ],
            [
              -99.2729896,
              19.4282103
            ],
            [
              -99.2730076,
              19.4285663
            ],
            [
              -99.2729376,
              19.4289273
            ],
            [
              -99.2727376,
              19.4290263
            ],
            [
              -99.2722716,
              19.4286913
            ],
            [
              -99.2719596,
              19.4288223
            ],
            [
              -99.2716296,
              19.4290953
            ],
            [
              -99.2715596,
              19.4296463
            ],
            [
              -99.2713236,
              19.4298253
            ],
            [
              -99.2708736,
              19.4298733
            ],
            [
              -99.2705036,
              19.4294883
            ],
            [
              -99.2699156,
              19.4295533
            ],
            [
              -99.2699056,
              19.4297633
            ],
            [
              -99.2698376,
              19.4299183
            ],
            [
              -99.2694536,
              19.4298403
            ],
            [
              -99.2687036,
              19.4300183
            ],
            [
              -99.2675694,
              19.4311234
            ],
            [
              -99.2668474,
              19.4314424
            ],
            [
              -99.2661194,
              19.4330644
            ],
            [
              -99.2638924,
              19.4330504
            ],
            [
              -99.2607859,
              19.434246
            ],
            [
              -99.2597286,
              19.4349633
            ],
            [
              -99.2590246,
              19.4355473
            ],
            [
              -99.2585726,
              19.4361103
            ],
            [
              -99.2580606,
              19.4365753
            ],
            [
              -99.2579216,
              19.4372433
            ],
            [
              -99.2589856,
              19.4378103
            ],
            [
              -99.2582986,
              19.4388213
            ],
            [
              -99.2579676,
              19.4388373
            ],
            [
              -99.2576476,
              19.4387773
            ],
            [
              -99.2572856,
              19.4389253
            ],
            [
              -99.2567496,
              19.4389823
            ],
            [
              -99.2565136,
              19.4393383
            ],
            [
              -99.2561656,
              19.4394203
            ],
            [
              -99.2557816,
              19.4398713
            ],
            [
              -99.2556116,
              19.4399093
            ],
            [
              -99.2554406,
              19.4398323
            ],
            [
              -99.2550816,
              19.4401073
            ],
            [
              -99.2548596,
              19.4400673
            ],
            [
              -99.2547076,
              19.4401363
            ],
            [
              -99.2545406,
              19.4401493
            ],
            [
              -99.2541796,
              19.4400983
            ],
            [
              -99.2540736,
              19.4403893
            ],
            [
              -99.2538176,
              19.4407813
            ],
            [
              -99.2536476,
              19.4409563
            ],
            [
              -99.2535416,
              19.4409373
            ],
            [
              -99.2534636,
              19.4410063
            ],
            [
              -99.2529256,
              19.4412653
            ],
            [
              -99.2520296,
              19.4416973
            ],
            [
              -99.2515056,
              19.4419433
            ],
            [
              -99.2510886,
              19.4422133
            ],
            [
              -99.2509456,
              19.4423143
            ],
            [
              -99.2507646,
              19.4424423
            ],
            [
              -99.2498586,
              19.4430203
            ],
            [
              -99.2496096,
              19.4432983
            ],
            [
              -99.2493716,
              19.4437073
            ],
            [
              -99.2493406,
              19.4438193
            ],
            [
              -99.2494216,
              19.4440163
            ],
            [
              -99.2494796,
              19.4441473
            ],
            [
              -99.2496236,
              19.4443643
            ],
            [
              -99.2494446,
              19.4449343
            ],
            [
              -99.2496506,
              19.4443153
            ],
            [
              -99.2516236,
              19.4431473
            ],
            [
              -99.2525536,
              19.4431953
            ],
            [
              -99.2534926,
              19.4429553
            ],
            [
              -99.2545306,
              19.4421973
            ],
            [
              -99.2548446,
              19.4425953
            ],
            [
              -99.2553846,
              19.4422513
            ],
            [
              -99.2555936,
              19.4422263
            ],
            [
              -99.2559856,
              19.4422013
            ],
            [
              -99.2563296,
              19.4423183
            ],
            [
              -99.2563736,
              19.4422853
            ],
            [
              -99.2563916,
              19.4422703
            ],
            [
              -99.2565336,
              19.4422183
            ],
            [
              -99.2574106,
              19.4424293
            ],
            [
              -99.2576566,
              19.4423033
            ],
            [
              -99.2578146,
              19.4422143
            ],
            [
              -99.2585726,
              19.4425373
            ],
            [
              -99.2586826,
              19.4426723
            ],
            [
              -99.2593686,
              19.4423903
            ],
            [
              -99.2602556,
              19.4418043
            ],
            [
              -99.2607056,
              19.4417383
            ],
            [
              -99.2616206,
              19.4422393
            ],
            [
              -99.2622216,
              19.4426793
            ],
            [
              -99.2631306,
              19.4415573
            ],
            [
              -99.2634036,
              19.4416533
            ],
            [
              -99.2635206,
              19.4422653
            ],
            [
              -99.2636256,
              19.4423563
            ],
            [
              -99.2638346,
              19.4432753
            ],
            [
              -99.2637666,
              19.4434533
            ],
            [
              -99.2638356,
              19.4438463
            ],
            [
              -99.2642096,
              19.4438423
            ],
            [
              -99.2657656,
              19.4436953
            ],
            [
              -99.2662636,
              19.4437673
            ],
            [
              -99.2671356,
              19.4437263
            ],
            [
              -99.2680186,
              19.4435623
            ],
            [
              -99.2683276,
              19.4441393
            ],
            [
              -99.2686496,
              19.4438553
            ],
            [
              -99.2687576,
              19.4435923
            ],
            [
              -99.2690686,
              19.4433703
            ],
            [
              -99.2694756,
              19.4432083
            ],
            [
              -99.2699296,
              19.4431823
            ],
            [
              -99.2702286,
              19.4431993
            ],
            [
              -99.2706296,
              19.4430713
            ],
            [
              -99.2710276,
              19.4429083
            ],
            [
              -99.2714006,
              19.4427333
            ],
            [
              -99.2716436,
              19.4426363
            ],
            [
              -99.2718796,
              19.4425103
            ],
            [
              -99.2721866,
              19.4423033
            ],
            [
              -99.2727406,
              19.4421603
            ],
            [
              -99.2731936,
              19.4422093
            ],
            [
              -99.2741536,
              19.4420343
            ],
            [
              -99.2743896,
              19.4419533
            ],
            [
              -99.2747766,
              19.4415813
            ],
            [
              -99.2749646,
              19.4415123
            ],
            [
              -99.2751936,
              19.4415113
            ],
            [
              -99.2755316,
              19.4415583
            ],
            [
              -99.2755506,
              19.4416483
            ],
            [
              -99.2758286,
              19.4414863
            ],
            [
              -99.2759966,
              19.4414203
            ],
            [
              -99.2761566,
              19.4411823
            ],
            [
              -99.2763936,
              19.4411563
            ],
            [
              -99.2765746,
              19.4411323
            ],
            [
              -99.2771146,
              19.4408843
            ],
            [
              -99.2772596,
              19.4408063
            ],
            [
              -99.2773296,
              19.4407343
            ],
            [
              -99.2773896,
              19.4402283
            ],
            [
              -99.2773906,
              19.4397573
            ],
            [
              -99.2773416,
              19.4390883
            ],
            [
              -99.2792086,
              19.4390993
            ],
            [
              -99.2796366,
              19.4388673
            ],
            [
              -99.2800636,
              19.4386503
            ],
            [
              -99.2764016,
              19.4329433
            ],
            [
              -99.2762156,
              19.4326083
            ],
            [
              -99.2760796,
              19.4326313
            ],
            [
              -99.2741006,
              19.4292653
            ],
            [
              -99.2733516,
              19.4279823
            ]
          ]
        ]
      },
      "properties": {
        "name": "Cuadrante 20",
        "folder": "MAPA BASE- SECTOR SUR-NAUCALPAN.csv (1).csv",
        "Sector": "Sector Sur",
        "Autoridad": "Guardia Municipal",
        "Responsable": "LUIS ALBERTO CORONA ROMERO",
        "No. Telefonico": "5.532215612E18"
      }
    },
    {
      "type": "Feature",
      "geometry": {
        "type": "Polygon",
        "coordinates": [
          [
            [
              -99.2644638,
              19.4565342
            ],
            [
              -99.265494,
              19.4560661
            ],
            [
              -99.269167,
              19.4542651
            ],
            [
              -99.269559,
              19.4539821
            ],
            [
              -99.270238,
              19.4532101
            ],
            [
              -99.270846,
              19.4529401
            ],
            [
              -99.271306,
              19.4527521
            ],
            [
              -99.274041,
              19.4520021
            ],
            [
              -99.274188,
              19.4519431
            ],
            [
              -99.27452,
              19.4518981
            ],
            [
              -99.27584,
              19.4518571
            ],
            [
              -99.276393,
              19.4517311
            ],
            [
              -99.276672,
              19.4516191
            ],
            [
              -99.277818,
              19.4507121
            ],
            [
              -99.278351,
              19.4503271
            ],
            [
              -99.279282,
              19.4500781
            ],
            [
              -99.278292,
              19.4478581
            ],
            [
              -99.278102,
              19.4474331
            ],
            [
              -99.278008,
              19.4461711
            ],
            [
              -99.277595,
              19.4460271
            ],
            [
              -99.277563,
              19.4452361
            ],
            [
              -99.277302,
              19.4444971
            ],
            [
              -99.277028,
              19.4440181
            ],
            [
              -99.27715,
              19.4428071
            ],
            [
              -99.277248,
              19.4423981
            ],
            [
              -99.277056,
              19.4408931
            ],
            [
              -99.276537,
              19.4411181
            ],
            [
              -99.276119,
              19.4411681
            ],
            [
              -99.275959,
              19.4414061
            ],
            [
              -99.275513,
              19.4416341
            ],
            [
              -99.275494,
              19.4415441
            ],
            [
              -99.275159,
              19.4414981
            ],
            [
              -99.274927,
              19.4414981
            ],
            [
              -99.274739,
              19.4415671
            ],
            [
              -99.274352,
              19.4419401
            ],
            [
              -99.273156,
              19.4421951
            ],
            [
              -99.272703,
              19.4421471
            ],
            [
              -99.272149,
              19.4422901
            ],
            [
              -99.271842,
              19.4424961
            ],
            [
              -99.271606,
              19.4426221
            ],
            [
              -99.27099,
              19.4428941
            ],
            [
              -99.270592,
              19.4430581
            ],
            [
              -99.2703198,
              19.4432751
            ],
            [
              -99.2700208,
              19.4432581
            ],
            [
              -99.2695668,
              19.4432841
            ],
            [
              -99.2691222,
              19.4434674
            ],
            [
              -99.2688488,
              19.4436681
            ],
            [
              -99.2687408,
              19.4439311
            ],
            [
              -99.2684188,
              19.4442151
            ],
            [
              -99.2681098,
              19.4436381
            ],
            [
              -99.2672212,
              19.4437828
            ],
            [
              -99.2663822,
              19.4441638
            ],
            [
              -99.266426,
              19.4447641
            ],
            [
              -99.266854,
              19.4469901
            ],
            [
              -99.266527,
              19.4471181
            ],
            [
              -99.265741,
              19.4473951
            ],
            [
              -99.265562,
              19.4473421
            ],
            [
              -99.26523,
              19.4474821
            ],
            [
              -99.263681,
              19.4483411
            ],
            [
              -99.261884,
              19.4491531
            ],
            [
              -99.261513,
              19.4495951
            ],
            [
              -99.26081,
              19.4503081
            ],
            [
              -99.261084,
              19.4505561
            ],
            [
              -99.260907,
              19.4506901
            ],
            [
              -99.260982,
              19.4510541
            ],
            [
              -99.261339,
              19.4524271
            ],
            [
              -99.261966,
              19.4537461
            ],
            [
              -99.260832,
              19.4541901
            ],
            [
              -99.261562,
              19.4550501
            ],
            [
              -99.262713,
              19.4543581
            ],
            [
              -99.264328,
              19.4540001
            ],
            [
              -99.264219,
              19.4542921
            ],
            [
              -99.264154,
              19.4546761
            ],
            [
              -99.264052,
              19.4550481
            ],
            [
              -99.263983,
              19.4551361
            ],
            [
              -99.26394,
              19.4551871
            ],
            [
              -99.26389,
              19.4552231
            ],
            [
              -99.2644638,
              19.4565342
            ]
          ]
        ]
      },
      "properties": {
        "name": "Cuadrante 21",
        "folder": "MAPA BASE- SECTOR SUR-NAUCALPAN.csv (1).csv",
        "Sector": "Sector Sur",
        "Autoridad": "Guardia Municipal",
        "Responsable": "LOPEZ DELFINO RAFAEL",
        "No. Telefonico": "5.53631433E17"
      }
    },
    {
      "type": "Feature",
      "geometry": {
        "type": "Polygon",
        "coordinates": [
          [
            [
              -99.319893,
              19.4526319
            ],
            [
              -99.321275,
              19.4491449
            ],
            [
              -99.320468,
              19.4511029
            ],
            [
              -99.319893,
              19.4526319
            ]
          ]
        ]
      },
      "properties": {
        "name": "Cuadrante 22",
        "folder": "MAPA BASE- SECTOR SUR-NAUCALPAN.csv (1).csv",
        "Sector": "Sector Sur",
        "Autoridad": "Guardia Municipal",
        "Responsable": "SILVESTRE GONZALEZ JOSE RAFAEL",
        "No. Telefonico": "5.545144598E18"
      }
    },
    {
      "type": "Feature",
      "geometry": {
        "type": "Polygon",
        "coordinates": [
          [
            [
              -99.2857257,
              19.4672102
            ],
            [
              -99.2868907,
              19.4674552
            ],
            [
              -99.2877547,
              19.4674612
            ],
            [
              -99.2889737,
              19.4668752
            ],
            [
              -99.2904847,
              19.4664352
            ],
            [
              -99.2924547,
              19.4667042
            ],
            [
              -99.2962007,
              19.4660532
            ],
            [
              -99.2977417,
              19.4662232
            ],
            [
              -99.3010617,
              19.4666462
            ],
            [
              -99.3057087,
              19.4643812
            ],
            [
              -99.3100977,
              19.4668532
            ],
            [
              -99.3149237,
              19.4664942
            ],
            [
              -99.3188417,
              19.4659142
            ],
            [
              -99.3216927,
              19.4644922
            ],
            [
              -99.3195407,
              19.4642382
            ],
            [
              -99.3167117,
              19.4628302
            ],
            [
              -99.3119247,
              19.4596382
            ],
            [
              -99.3100597,
              19.4582932
            ],
            [
              -99.3089937,
              19.4574152
            ],
            [
              -99.3074477,
              19.4563952
            ],
            [
              -99.3032517,
              19.4567962
            ],
            [
              -99.3020897,
              19.4567512
            ],
            [
              -99.3012877,
              19.4566302
            ],
            [
              -99.2998297,
              19.4566022
            ],
            [
              -99.2986627,
              19.4566642
            ],
            [
              -99.2981677,
              19.4569582
            ],
            [
              -99.2975837,
              19.4572182
            ],
            [
              -99.2965877,
              19.4570972
            ],
            [
              -99.2964857,
              19.4570742
            ],
            [
              -99.2944507,
              19.4564062
            ],
            [
              -99.2935367,
              19.4556802
            ],
            [
              -99.2923717,
              19.4552592
            ],
            [
              -99.2911157,
              19.4548272
            ],
            [
              -99.2902407,
              19.4545962
            ],
            [
              -99.2890827,
              19.4543122
            ],
            [
              -99.2871227,
              19.4546972
            ],
            [
              -99.2868377,
              19.4546802
            ],
            [
              -99.2860887,
              19.4546502
            ],
            [
              -99.2847616,
              19.4546772
            ],
            [
              -99.2845886,
              19.4547242
            ],
            [
              -99.2843326,
              19.4550022
            ],
            [
              -99.2841006,
              19.4552362
            ],
            [
              -99.2837976,
              19.4553782
            ],
            [
              -99.2830686,
              19.4553912
            ],
            [
              -99.2827746,
              19.4553932
            ],
            [
              -99.2823777,
              19.4554012
            ],
            [
              -99.2821307,
              19.4553962
            ],
            [
              -99.2812097,
              19.4549572
            ],
            [
              -99.2811047,
              19.4549212
            ],
            [
              -99.2808827,
              19.4549802
            ],
            [
              -99.2803337,
              19.4552702
            ],
            [
              -99.2799717,
              19.4554982
            ],
            [
              -99.2795697,
              19.4557372
            ],
            [
              -99.2786477,
              19.4557982
            ],
            [
              -99.2781847,
              19.4560792
            ],
            [
              -99.2778077,
              19.4562592
            ],
            [
              -99.2784897,
              19.4569902
            ],
            [
              -99.2782647,
              19.4571312
            ],
            [
              -99.2781367,
              19.4575092
            ],
            [
              -99.2780227,
              19.4578312
            ],
            [
              -99.2778787,
              19.4582382
            ],
            [
              -99.2780167,
              19.4588902
            ],
            [
              -99.2781517,
              19.4595622
            ],
            [
              -99.2778977,
              19.4603472
            ],
            [
              -99.2779357,
              19.4606402
            ],
            [
              -99.2783617,
              19.4609222
            ],
            [
              -99.2782937,
              19.4619942
            ],
            [
              -99.2763677,
              19.4635412
            ],
            [
              -99.2761177,
              19.4637152
            ],
            [
              -99.2758248,
              19.4639062
            ],
            [
              -99.2754568,
              19.4641532
            ],
            [
              -99.2752827,
              19.4642882
            ],
            [
              -99.2747287,
              19.4647092
            ],
            [
              -99.2741757,
              19.4651262
            ],
            [
              -99.2738247,
              19.4657192
            ],
            [
              -99.2736277,
              19.4660462
            ],
            [
              -99.2710287,
              19.4655242
            ],
            [
              -99.2708757,
              19.4657682
            ],
            [
              -99.2706527,
              19.4657842
            ],
            [
              -99.2704707,
              19.4657972
            ],
            [
              -99.2683297,
              19.4666952
            ],
            [
              -99.2677607,
              19.4668542
            ],
            [
              -99.2652147,
              19.4670002
            ],
            [
              -99.2637887,
              19.4672712
            ],
            [
              -99.2630297,
              19.4674722
            ],
            [
              -99.2621327,
              19.4676362
            ],
            [
              -99.2604166,
              19.4676552
            ],
            [
              -99.2596956,
              19.4675402
            ],
            [
              -99.2601166,
              19.4676832
            ],
            [
              -99.2607856,
              19.4678752
            ],
            [
              -99.2613686,
              19.4680452
            ],
            [
              -99.2623727,
              19.4684032
            ],
            [
              -99.2632837,
              19.4687452
            ],
            [
              -99.2637677,
              19.4692882
            ],
            [
              -99.2639857,
              19.4695542
            ],
            [
              -99.2642517,
              19.4698662
            ],
            [
              -99.2649717,
              19.4703022
            ],
            [
              -99.2657516,
              19.470482
            ],
            [
              -99.2670498,
              19.4706823
            ],
            [
              -99.2700452,
              19.4698661
            ],
            [
              -99.2711609,
              19.4702726
            ],
            [
              -99.272332,
              19.4706596
            ],
            [
              -99.27467,
              19.4703834
            ],
            [
              -99.2801967,
              19.4683802
            ],
            [
              -99.2832226,
              19.4672442
            ],
            [
              -99.2848996,
              19.4671062
            ],
            [
              -99.2857257,
              19.4672102
            ]
          ]
        ]
      },
      "properties": {
        "name": "Cuadrante 23",
        "folder": "MAPA BASE- SECTOR SUR-NAUCALPAN.csv (1).csv",
        "Sector": "Sector Sur",
        "Autoridad": "Guardia Municipal",
        "Responsable": "GARCIA CARLIN RUBEN",
        "No. Telefonico": "5.562875088E18"
      }
    },
    {
      "type": "Feature",
      "geometry": {
        "type": "Polygon",
        "coordinates": [
          [
            [
              -99.2802213,
              19.4500545
            ],
            [
              -99.2811873,
              19.4500745
            ],
            [
              -99.2817563,
              19.4500035
            ],
            [
              -99.2820563,
              19.4497715
            ],
            [
              -99.2838483,
              19.4492755
            ],
            [
              -99.2842353,
              19.4489475
            ],
            [
              -99.2849753,
              19.4480115
            ],
            [
              -99.2854853,
              19.4474495
            ],
            [
              -99.2858663,
              19.4471815
            ],
            [
              -99.2862523,
              19.4470045
            ],
            [
              -99.2877213,
              19.4466065
            ],
            [
              -99.2881783,
              19.4464275
            ],
            [
              -99.2884143,
              19.4462615
            ],
            [
              -99.2896803,
              19.4450155
            ],
            [
              -99.2901193,
              19.4447125
            ],
            [
              -99.2907853,
              19.4444085
            ],
            [
              -99.2917403,
              19.4439125
            ],
            [
              -99.2942423,
              19.4423175
            ],
            [
              -99.2950743,
              19.4416495
            ],
            [
              -99.2955783,
              19.4412955
            ],
            [
              -99.2957283,
              19.4409655
            ],
            [
              -99.2961203,
              19.4402385
            ],
            [
              -99.2970753,
              19.4394995
            ],
            [
              -99.2974023,
              19.4392525
            ],
            [
              -99.2975153,
              19.4391555
            ],
            [
              -99.2974333,
              19.4378795
            ],
            [
              -99.2974764,
              19.4338526
            ],
            [
              -99.2965576,
              19.43386
            ],
            [
              -99.2953422,
              19.4344293
            ],
            [
              -99.293099,
              19.4366473
            ],
            [
              -99.292814,
              19.4353823
            ],
            [
              -99.291713,
              19.4332168
            ],
            [
              -99.2884236,
              19.4348401
            ],
            [
              -99.2853327,
              19.4363774
            ],
            [
              -99.2804193,
              19.4390475
            ],
            [
              -99.2800643,
              19.4386535
            ],
            [
              -99.2797123,
              19.4388145
            ],
            [
              -99.2792093,
              19.4391025
            ],
            [
              -99.2773423,
              19.4390915
            ],
            [
              -99.2773983,
              19.4400025
            ],
            [
              -99.2773613,
              19.4405715
            ],
            [
              -99.2773303,
              19.4407385
            ],
            [
              -99.2772603,
              19.4408095
            ],
            [
              -99.2770943,
              19.4409105
            ],
            [
              -99.2771943,
              19.4417375
            ],
            [
              -99.2772483,
              19.4421925
            ],
            [
              -99.2772863,
              19.4424155
            ],
            [
              -99.2771883,
              19.4428245
            ],
            [
              -99.2770963,
              19.4437815
            ],
            [
              -99.2770663,
              19.4440355
            ],
            [
              -99.2773403,
              19.4445145
            ],
            [
              -99.2775503,
              19.4451105
            ],
            [
              -99.2776013,
              19.4452535
            ],
            [
              -99.2776333,
              19.4460445
            ],
            [
              -99.2780463,
              19.4461885
            ],
            [
              -99.2780823,
              19.4465165
            ],
            [
              -99.2781403,
              19.4474505
            ],
            [
              -99.2793203,
              19.4500955
            ],
            [
              -99.2802213,
              19.4500545
            ]
          ]
        ]
      },
      "properties": {
        "name": "Cuadrante 26",
        "folder": "MAPA BASE- SECTOR SUR-NAUCALPAN.csv (1).csv",
        "Sector": "Sector Sur",
        "Autoridad": "Guardia Municipal",
        "Responsable": "GARCIA ROMERO HUGO",
        "No. Telefonico": "5.614985477E18"
      }
    },
    {
      "type": "Feature",
      "geometry": {
        "type": "Polygon",
        "coordinates": [
          [
            [
              -99.3028768,
              19.4501783
            ],
            [
              -99.3019427,
              19.4488433
            ],
            [
              -99.3004777,
              19.4470173
            ],
            [
              -99.2992767,
              19.4455093
            ],
            [
              -99.2988447,
              19.4449543
            ],
            [
              -99.2985897,
              19.4442953
            ],
            [
              -99.2982427,
              19.4433843
            ],
            [
              -99.297955,
              19.4422441
            ],
            [
              -99.2975178,
              19.4422673
            ],
            [
              -99.2972063,
              19.4422674
            ],
            [
              -99.2968467,
              19.442136
            ],
            [
              -99.2964871,
              19.4419843
            ],
            [
              -99.2958571,
              19.4416784
            ],
            [
              -99.2954907,
              19.4414599
            ],
            [
              -99.295353,
              19.4411033
            ],
            [
              -99.2943839,
              19.4418573
            ],
            [
              -99.2936166,
              19.4426263
            ],
            [
              -99.2929676,
              19.4430363
            ],
            [
              -99.2924576,
              19.4433593
            ],
            [
              -99.2915996,
              19.4439213
            ],
            [
              -99.2908436,
              19.4443053
            ],
            [
              -99.2899587,
              19.4447253
            ],
            [
              -99.2894836,
              19.4450323
            ],
            [
              -99.2885366,
              19.4459953
            ],
            [
              -99.2882176,
              19.4462783
            ],
            [
              -99.2879056,
              19.4464803
            ],
            [
              -99.2875766,
              19.4466073
            ],
            [
              -99.2866756,
              19.4468503
            ],
            [
              -99.2860556,
              19.4470213
            ],
            [
              -99.2857096,
              19.4471843
            ],
            [
              -99.2852886,
              19.4474663
            ],
            [
              -99.2848297,
              19.4479733
            ],
            [
              -99.2845997,
              19.4482963
            ],
            [
              -99.2845027,
              19.4486433
            ],
            [
              -99.2842427,
              19.4489743
            ],
            [
              -99.2838557,
              19.4493023
            ],
            [
              -99.2836877,
              19.4493483
            ],
            [
              -99.2831557,
              19.4494953
            ],
            [
              -99.2827047,
              19.4496213
            ],
            [
              -99.2823877,
              19.4497043
            ],
            [
              -99.2820637,
              19.4497983
            ],
            [
              -99.2817637,
              19.4500303
            ],
            [
              -99.2811947,
              19.4501013
            ],
            [
              -99.2809907,
              19.4500913
            ],
            [
              -99.2802667,
              19.4500763
            ],
            [
              -99.2793277,
              19.4501223
            ],
            [
              -99.2783968,
              19.4503713
            ],
            [
              -99.2769668,
              19.4513973
            ],
            [
              -99.2765498,
              19.4516543
            ],
            [
              -99.2756818,
              19.4518913
            ],
            [
              -99.2743618,
              19.4519323
            ],
            [
              -99.2728388,
              19.4522913
            ],
            [
              -99.2709417,
              19.4529263
            ],
            [
              -99.2702836,
              19.4532543
            ],
            [
              -99.2690086,
              19.4542993
            ],
            [
              -99.2671136,
              19.4552833
            ],
            [
              -99.2654236,
              19.4561043
            ],
            [
              -99.2643834,
              19.4565646
            ],
            [
              -99.2637765,
              19.4567603
            ],
            [
              -99.2594145,
              19.4578523
            ],
            [
              -99.2582685,
              19.4589293
            ],
            [
              -99.2533236,
              19.4600223
            ],
            [
              -99.2533266,
              19.4596333
            ],
            [
              -99.2519707,
              19.4589433
            ],
            [
              -99.2510727,
              19.4589333
            ],
            [
              -99.2504017,
              19.4589843
            ],
            [
              -99.2499317,
              19.4587693
            ],
            [
              -99.2490927,
              19.4585313
            ],
            [
              -99.2477417,
              19.4585363
            ],
            [
              -99.2472757,
              19.4586043
            ],
            [
              -99.2458037,
              19.4591033
            ],
            [
              -99.2448536,
              19.4595773
            ],
            [
              -99.2442496,
              19.4600313
            ],
            [
              -99.2439256,
              19.4604343
            ],
            [
              -99.2434276,
              19.4604263
            ],
            [
              -99.2426806,
              19.4617793
            ],
            [
              -99.2418685,
              19.4615313
            ],
            [
              -99.2415865,
              19.4619353
            ],
            [
              -99.240287,
              19.4653203
            ],
            [
              -99.2411924,
              19.4647812
            ],
            [
              -99.2419676,
              19.4650227
            ],
            [
              -99.2419256,
              19.4647677
            ],
            [
              -99.2447676,
              19.4636263
            ],
            [
              -99.2454077,
              19.4634223
            ],
            [
              -99.2481957,
              19.4628143
            ],
            [
              -99.2497567,
              19.4621813
            ],
            [
              -99.2503177,
              19.4636983
            ],
            [
              -99.2494147,
              19.4647043
            ],
            [
              -99.2493097,
              19.4649173
            ],
            [
              -99.2493997,
              19.4651923
            ],
            [
              -99.2499027,
              19.4655403
            ],
            [
              -99.2504137,
              19.4657133
            ],
            [
              -99.2507377,
              19.4671483
            ],
            [
              -99.2531306,
              19.4664053
            ],
            [
              -99.2542036,
              19.4661123
            ],
            [
              -99.2553996,
              19.4659913
            ],
            [
              -99.2563376,
              19.4657803
            ],
            [
              -99.2567456,
              19.4658133
            ],
            [
              -99.2571086,
              19.4659083
            ],
            [
              -99.2574895,
              19.4660823
            ],
            [
              -99.2580495,
              19.4663603
            ],
            [
              -99.2585215,
              19.4664453
            ],
            [
              -99.2591745,
              19.4662933
            ],
            [
              -99.2588215,
              19.4657243
            ],
            [
              -99.2585635,
              19.4655823
            ],
            [
              -99.2583915,
              19.4652893
            ],
            [
              -99.2581395,
              19.4644223
            ],
            [
              -99.2591375,
              19.4638281
            ],
            [
              -99.2586505,
              19.4626073
            ],
            [
              -99.2584015,
              19.4625383
            ],
            [
              -99.2581895,
              19.4623533
            ],
            [
              -99.2588525,
              19.4617183
            ],
            [
              -99.2591415,
              19.4613243
            ],
            [
              -99.2593925,
              19.4609823
            ],
            [
              -99.2595905,
              19.4608873
            ],
            [
              -99.2598685,
              19.4609693
            ],
            [
              -99.2601935,
              19.4611753
            ],
            [
              -99.2602795,
              19.4605213
            ],
            [
              -99.2611775,
              19.4595653
            ],
            [
              -99.2607635,
              19.4589733
            ],
            [
              -99.2648056,
              19.4576163
            ],
            [
              -99.2649836,
              19.4575563
            ],
            [
              -99.2652896,
              19.4574163
            ],
            [
              -99.2658846,
              19.4571393
            ],
            [
              -99.2669546,
              19.4566513
            ],
            [
              -99.2671316,
              19.4565693
            ],
            [
              -99.2683296,
              19.4559413
            ],
            [
              -99.2688656,
              19.4556613
            ],
            [
              -99.2692116,
              19.4555773
            ],
            [
              -99.2706597,
              19.4551953
            ],
            [
              -99.2708647,
              19.4550663
            ],
            [
              -99.2710127,
              19.4549033
            ],
            [
              -99.2713887,
              19.4543743
            ],
            [
              -99.2714237,
              19.4543013
            ],
            [
              -99.2716467,
              19.4541433
            ],
            [
              -99.2721557,
              19.4540703
            ],
            [
              -99.2732398,
              19.4539103
            ],
            [
              -99.2739458,
              19.4538043
            ],
            [
              -99.2744798,
              19.4536743
            ],
            [
              -99.2750448,
              19.4535273
            ],
            [
              -99.2761178,
              19.4532113
            ],
            [
              -99.2763108,
              19.4538683
            ],
            [
              -99.2765518,
              19.4542933
            ],
            [
              -99.2766468,
              19.4546343
            ],
            [
              -99.2768038,
              19.4546303
            ],
            [
              -99.2769368,
              19.4558233
            ],
            [
              -99.2773568,
              19.4563143
            ],
            [
              -99.2777418,
              19.4563883
            ],
            [
              -99.2779768,
              19.4562933
            ],
            [
              -99.2783538,
              19.4561133
            ],
            [
              -99.2788167,
              19.4558323
            ],
            [
              -99.2797387,
              19.4557713
            ],
            [
              -99.2805027,
              19.4553043
            ],
            [
              -99.2810517,
              19.4550143
            ],
            [
              -99.2812737,
              19.4549553
            ],
            [
              -99.2822997,
              19.4554303
            ],
            [
              -99.2825467,
              19.4554353
            ],
            [
              -99.2826997,
              19.4554283
            ],
            [
              -99.2832377,
              19.4554253
            ],
            [
              -99.2839667,
              19.4554123
            ],
            [
              -99.2842697,
              19.4552703
            ],
            [
              -99.2847577,
              19.4547583
            ],
            [
              -99.2856116,
              19.4546763
            ],
            [
              -99.2869986,
              19.4546943
            ],
            [
              -99.2872916,
              19.4547313
            ],
            [
              -99.2881246,
              19.4545533
            ],
            [
              -99.2892516,
              19.4543463
            ],
            [
              -99.2910856,
              19.4547963
            ],
            [
              -99.2936416,
              19.4556713
            ],
            [
              -99.2946197,
              19.4564403
            ],
            [
              -99.2966547,
              19.4571083
            ],
            [
              -99.2977447,
              19.4572323
            ],
            [
              -99.2983367,
              19.4569923
            ],
            [
              -99.2988237,
              19.4566783
            ],
            [
              -99.3000557,
              19.4566123
            ],
            [
              -99.3014487,
              19.4566443
            ],
            [
              -99.3022508,
              19.4567653
            ],
            [
              -99.3034128,
              19.4568103
            ],
            [
              -99.3076087,
              19.4564093
            ],
            [
              -99.3071777,
              19.4557693
            ],
            [
              -99.3086097,
              19.4556783
            ],
            [
              -99.3085097,
              19.4556023
            ],
            [
              -99.3083817,
              19.4555313
            ],
            [
              -99.3071967,
              19.4555913
            ],
            [
              -99.3067397,
              19.4550343
            ],
            [
              -99.3057527,
              19.4537593
            ],
            [
              -99.3039608,
              19.4515643
            ],
            [
              -99.3028768,
              19.4501783
            ]
          ]
        ]
      },
      "properties": {
        "name": "Cuadrante 31",
        "folder": "MAPA BASE- SECTOR SUR-NAUCALPAN.csv (1).csv",
        "Sector": "Sector Sur",
        "Autoridad": "Guardia Municipal",
        "Responsable": "JOSE GUADALUPE RODRIGUEZ AGUIRRE",
        "No. Telefonico": "5.510025052E18"
      }
    },
    {
      "type": "Feature",
      "geometry": {
        "type": "Polygon",
        "coordinates": [
          [
            [
              -99.2404927,
              19.4242961
            ],
            [
              -99.241284,
              19.4236353
            ],
            [
              -99.2415345,
              19.4233875
            ],
            [
              -99.2415146,
              19.4232333
            ],
            [
              -99.2415967,
              19.4231448
            ],
            [
              -99.2422515,
              19.4232416
            ],
            [
              -99.2427379,
              19.4231288
            ],
            [
              -99.242695,
              19.422886
            ],
            [
              -99.243128,
              19.421857
            ],
            [
              -99.244166,
              19.420342
            ],
            [
              -99.242657,
              19.418253
            ],
            [
              -99.2402255,
              19.4141604
            ],
            [
              -99.2395795,
              19.4137059
            ],
            [
              -99.2386005,
              19.4128639
            ],
            [
              -99.238343,
              19.412702
            ],
            [
              -99.236966,
              19.412713
            ],
            [
              -99.235485,
              19.415471
            ],
            [
              -99.2346316,
              19.4160845
            ],
            [
              -99.234117,
              19.416792
            ],
            [
              -99.233671,
              19.416698
            ],
            [
              -99.2333604,
              19.4175751
            ],
            [
              -99.233103,
              19.418344
            ],
            [
              -99.2330764,
              19.4193738
            ],
            [
              -99.231794,
              19.420085
            ],
            [
              -99.23085,
              19.421744
            ],
            [
              -99.2298519,
              19.4219672
            ],
            [
              -99.2282325,
              19.4237479
            ],
            [
              -99.227803,
              19.424112
            ],
            [
              -99.226752,
              19.424517
            ],
            [
              -99.225453,
              19.426692
            ],
            [
              -99.224568,
              19.427058
            ],
            [
              -99.222807,
              19.426366
            ],
            [
              -99.2225445,
              19.4271329
            ],
            [
              -99.2225265,
              19.4272329
            ],
            [
              -99.223169,
              19.429252
            ],
            [
              -99.222637,
              19.429789
            ],
            [
              -99.223237,
              19.430879
            ],
            [
              -99.224935,
              19.431171
            ],
            [
              -99.226722,
              19.432024
            ],
            [
              -99.226135,
              19.433849
            ],
            [
              -99.227503,
              19.435087
            ],
            [
              -99.227036,
              19.436656
            ],
            [
              -99.2277697,
              19.4373561
            ],
            [
              -99.2286147,
              19.4368264
            ],
            [
              -99.2299375,
              19.4375479
            ],
            [
              -99.2320245,
              19.4361209
            ],
            [
              -99.2333765,
              19.4382459
            ],
            [
              -99.2335265,
              19.4389539
            ],
            [
              -99.2336125,
              19.4396829
            ],
            [
              -99.2345145,
              19.4393179
            ],
            [
              -99.2353205,
              19.4387539
            ],
            [
              -99.2375615,
              19.4373349
            ],
            [
              -99.2381185,
              19.4376589
            ],
            [
              -99.2397845,
              19.4365889
            ],
            [
              -99.2419385,
              19.4353519
            ],
            [
              -99.2430975,
              19.4348669
            ],
            [
              -99.2441275,
              19.4340979
            ],
            [
              -99.2447325,
              19.4338299
            ],
            [
              -99.2447565,
              19.4322439
            ],
            [
              -99.2449195,
              19.4322509
            ],
            [
              -99.2451675,
              19.4310369
            ],
            [
              -99.2457165,
              19.4309049
            ],
            [
              -99.2454285,
              19.4298659
            ],
            [
              -99.2450205,
              19.4296349
            ],
            [
              -99.2445015,
              19.4295439
            ],
            [
              -99.2440205,
              19.4296959
            ],
            [
              -99.2436785,
              19.4298819
            ],
            [
              -99.2434755,
              19.4303029
            ],
            [
              -99.2429705,
              19.4305199
            ],
            [
              -99.2422555,
              19.4305459
            ],
            [
              -99.2398395,
              19.4306629
            ],
            [
              -99.2387955,
              19.4292659
            ],
            [
              -99.2383065,
              19.4292069
            ],
            [
              -99.2380975,
              19.4289579
            ],
            [
              -99.2383275,
              19.4286729
            ],
            [
              -99.2384775,
              19.4282969
            ],
            [
              -99.2420095,
              19.4257939
            ],
            [
              -99.2408645,
              19.4252539
            ],
            [
              -99.2404927,
              19.4242961
            ]
          ]
        ]
      },
      "properties": {
        "name": "Cuadrante 25",
        "folder": "MAPA BASE- SECTOR SUR-NAUCALPAN.csv (1).csv",
        "Sector": "Sector Sur",
        "Autoridad": "Guardia Municipal",
        "Responsable": "MUÑOZ CRESPO ERNESTO DAVID",
        "No. Telefonico": "5.551681426E18"
      }
    },
    {
      "type": "Feature",
      "geometry": {
        "type": "Point",
        "coordinates": [
          -99.23618504,
          19.47399413
        ]
      },
      "properties": {
        "name": "ROBO DE VEHICULO",
        "folder": "mapa info berni FEB.xlsx",
        "COLONIA": "UNIDAD HABITACIONAL BOSQUE DE LOS REMEDIOS",
        "LATITUDE": "19.47399413",
        "LONGITUDE": "-99.23618504",
        "ID": "1.0",
        "FUENTE": "TEL, SC Y 06",
        "NIC": "202601010033",
        "NUC (NUMERO UNICO DE CARPETA)": "PENDIENTE",
        "NUM MES": "1.0",
        "MES": "ENERO",
        "SEMANA": "SEM 01 (01 AL 07)",
        "DIA": "1.0",
        "DIA DE LA SEMANA": "JUEVES",
        "HORA DE LOS HECHOS": "13:15",
        "HORARIO": "13:00",
        "CALLE 1": "RAMOS MILLAN",
        "SECTOR": "6",
        "REGION": "SUR",
        "IMPACTO": "ALTO",
        "SUBTIPO": "ROBO DE VEHICULO",
        "MODALIDAD": "SIN VIOLENCIA",
        "TIPO DE VEHICULO": "AUTOMOVIL",
        "MARCA": "NISSAN",
        "SUB-MARCA": "TSURU",
        "AÑO": "2012.0",
        "COLOR": "BLANCO",
        "SERIE": "3N1EB31S9CK306048",
        "NUMERO DE PLACAS": "NDF909C",
        "icon": "images/icon-29.png"
      }
    },
    {
      "type": "Feature",
      "geometry": {
        "type": "Point",
        "coordinates": [
          -99.26151741,
          19.44456874
        ]
      },
      "properties": {
        "name": "ROBO DE VEHICULO",
        "folder": "mapa info berni FEB.xlsx",
        "COLONIA": "SAN JOSE DE LOS LEONES 2ª SECCION",
        "LATITUDE": "19.44456874",
        "LONGITUDE": "-99.26151741",
        "ID": "2.0",
        "FUENTE": "ALERTA 06",
        "NIC": "202601020055",
        "NUC (NUMERO UNICO DE CARPETA)": "PENDIENTE",
        "NUM MES": "1.0",
        "MES": "ENERO",
        "SEMANA": "SEM 01 (01 AL 07)",
        "DIA": "1.0",
        "DIA DE LA SEMANA": "JUEVES",
        "HORA DE LOS HECHOS": "9:00",
        "HORARIO": "9:00",
        "CALLE 1": "AVALOS # 38",
        "SECTOR": "12",
        "REGION": "SUR",
        "IMPACTO": "ALTO",
        "SUBTIPO": "ROBO DE VEHICULO",
        "MODALIDAD": "SIN VIOLENCIA",
        "TIPO DE VEHICULO": "AUTOMOVIL",
        "MARCA": "AUDI",
        "SUB-MARCA": "A3",
        "AÑO": "2018.0",
        "COLOR": "S/I",
        "SERIE": "S/I",
        "NUMERO DE PLACAS": "MSD335C",
        "icon": "images/icon-29.png"
      }
    },
    {
      "type": "Feature",
      "geometry": {
        "type": "Point",
        "coordinates": [
          -99.2762395,
          19.49184678
        ]
      },
      "properties": {
        "name": "ROBO DE VEHICULO",
        "folder": "mapa info berni FEB.xlsx",
        "COLONIA": "COLINAS DE SAN MATEO",
        "LATITUDE": "19.49184678",
        "LONGITUDE": "-99.2762395",
        "ID": "3.0",
        "FUENTE": "ALERTA 06",
        "NIC": "202601030068",
        "NUC (NUMERO UNICO DE CARPETA)": "PENDIENTE",
        "NUM MES": "1.0",
        "MES": "ENERO",
        "SEMANA": "SEM 01 (01 AL 07)",
        "DIA": "3.0",
        "DIA DE LA SEMANA": "SABADO",
        "HORA DE LOS HECHOS": "4:30",
        "HORARIO": "4:00",
        "CALLE 1": "CERROS DE COAHUILA",
        "SECTOR": "15",
        "REGION": "NORTE",
        "IMPACTO": "ALTO",
        "SUBTIPO": "ROBO DE VEHICULO",
        "MODALIDAD": "SIN VIOLENCIA",
        "TIPO DE VEHICULO": "MOTOCICLETA",
        "MARCA": "YAMAHA",
        "SUB-MARCA": "FAZER 150",
        "AÑO": "2019.0",
        "COLOR": "NEGRO",
        "SERIE": "ME1RG2668K2003019",
        "NUMERO DE PLACAS": "3H2VL",
        "icon": "images/icon-29.png"
      }
    },
    {
      "type": "Feature",
      "geometry": {
        "type": "Point",
        "coordinates": [
          -99.24667993,
          19.43228067
        ]
      },
      "properties": {
        "name": "ROBO DE VEHICULO",
        "folder": "mapa info berni FEB.xlsx",
        "COLONIA": "RICARDO FLORES MAGON",
        "LATITUDE": "19.43228067",
        "LONGITUDE": "-99.24667993",
        "ID": "4.0",
        "FUENTE": "ALERTA 06",
        "NIC": "202601040035",
        "NUC (NUMERO UNICO DE CARPETA)": "PENDIENTE",
        "NUM MES": "1.0",
        "MES": "ENERO",
        "SEMANA": "SEM 01 (01 AL 07)",
        "DIA": "3.0",
        "DIA DE LA SEMANA": "SABADO",
        "HORA DE LOS HECHOS": "22:00",
        "HORARIO": "22:00",
        "CALLE 1": "POPOCATEPETL",
        "SECTOR": "19",
        "REGION": "SUR",
        "IMPACTO": "ALTO",
        "SUBTIPO": "ROBO DE VEHICULO",
        "MODALIDAD": "SIN VIOLENCIA",
        "TIPO DE VEHICULO": "AUTOMOVIL",
        "MARCA": "KIA",
        "SUB-MARCA": "RIO",
        "AÑO": "2020.0",
        "COLOR": "PLATA",
        "SERIE": "3KPA24AC0LE339433",
        "NUMERO DE PLACAS": "NYB218B",
        "icon": "images/icon-29.png"
      }
    },
    {
      "type": "Feature",
      "geometry": {
        "type": "Point",
        "coordinates": [
          -99.27457486,
          19.50504471
        ]
      },
      "properties": {
        "name": "ROBO DE VEHICULO",
        "folder": "mapa info berni FEB.xlsx",
        "COLONIA": "PRADERAS DE SAN MATEO",
        "LATITUDE": "19.50504471",
        "LONGITUDE": "-99.27457486",
        "ID": "5.0",
        "FUENTE": "ALERTA 06",
        "NIC": "202601050056",
        "NUC (NUMERO UNICO DE CARPETA)": "PENDIENTE",
        "NUM MES": "1.0",
        "MES": "ENERO",
        "SEMANA": "SEM 01 (01 AL 07)",
        "DIA": "5.0",
        "DIA DE LA SEMANA": "LUNES",
        "HORA DE LOS HECHOS": "3:00",
        "HORARIO": "3:00",
        "CALLE 1": "6 DE SEPTIEMBRE",
        "SECTOR": "15",
        "REGION": "NORTE",
        "IMPACTO": "ALTO",
        "SUBTIPO": "ROBO DE VEHICULO",
        "MODALIDAD": "SIN VIOLENCIA",
        "TIPO DE VEHICULO": "MOTOCICLETA",
        "MARCA": "ITALIKA",
        "SUB-MARCA": "FT200",
        "AÑO": "2026.0",
        "COLOR": "NEGRO",
        "SERIE": "3SCK2HE43T1007865",
        "NUMERO DE PLACAS": "6518R6",
        "icon": "images/icon-29.png"
      }
    },
    {
      "type": "Feature",
      "geometry": {
        "type": "Point",
        "coordinates": [
          -99.25421776,
          19.4493403
        ]
      },
      "properties": {
        "name": "ROBO DE VEHICULO",
        "folder": "mapa info berni FEB.xlsx",
        "COLONIA": "CAPULIN SOLEDAD",
        "LATITUDE": "19.4493403",
        "LONGITUDE": "-99.25421776",
        "ID": "6.0",
        "FUENTE": "ALERTA 06",
        "NIC": "202601060045",
        "NUC (NUMERO UNICO DE CARPETA)": "PENDIENTE",
        "NUM MES": "1.0",
        "MES": "ENERO",
        "SEMANA": "SEM 01 (01 AL 07)",
        "DIA": "6.0",
        "DIA DE LA SEMANA": "MARTES",
        "HORA DE LOS HECHOS": "3:00",
        "HORARIO": "3:00",
        "CALLE 1": "AV DE LOS MAESTROS 180",
        "SECTOR": "12",
        "REGION": "SUR",
        "IMPACTO": "ALTO",
        "SUBTIPO": "ROBO DE VEHICULO",
        "MODALIDAD": "SIN VIOLENCIA",
        "TIPO DE VEHICULO": "MOTOCICLETA",
        "MARCA": "VENTO",
        "SUB-MARCA": "XPRESS 150",
        "AÑO": "2023.0",
        "COLOR": "BLANCO",
        "SERIE": "3MUA0DBD1P1002332",
        "NUMERO DE PLACAS": "66KFZ4",
        "icon": "images/icon-29.png"
      }
    },
    {
      "type": "Feature",
      "geometry": {
        "type": "Point",
        "coordinates": [
          -99.26212181,
          19.4381433
        ]
      },
      "properties": {
        "name": "ROBO DE VEHICULO",
        "folder": "mapa info berni FEB.xlsx",
        "COLONIA": "BENITO JUAREZ",
        "LATITUDE": "19.4381433",
        "LONGITUDE": "-99.26212181",
        "ID": "7.0",
        "FUENTE": "ALERTA 06",
        "NIC": "202601060068",
        "NUC (NUMERO UNICO DE CARPETA)": "PENDIENTE",
        "NUM MES": "1.0",
        "MES": "ENERO",
        "SEMANA": "SEM 01 (01 AL 07)",
        "DIA": "5.0",
        "DIA DE LA SEMANA": "LUNES",
        "HORA DE LOS HECHOS": "21:30",
        "HORARIO": "21:00",
        "CALLE 1": "ACONCAGUA",
        "SECTOR": "20",
        "REGION": "SUR",
        "IMPACTO": "ALTO",
        "SUBTIPO": "ROBO DE VEHICULO",
        "MODALIDAD": "SIN VIOLENCIA",
        "TIPO DE VEHICULO": "MOTOCICLETA",
        "MARCA": "BAJAJ",
        "SUB-MARCA": "PULSAR",
        "AÑO": "2024.0",
        "COLOR": "NEGRO",
        "SERIE": "MD2A92CX3RCM84119",
        "NUMERO DE PLACAS": "S/P",
        "icon": "images/icon-29.png"
      }
    },
    {
      "type": "Feature",
      "geometry": {
        "type": "Point",
        "coordinates": [
          -99.23961185,
          19.46347065
        ]
      },
      "properties": {
        "name": "ROBO DE VEHICULO",
        "folder": "mapa info berni FEB.xlsx",
        "COLONIA": "ROSA DE CASTILLA",
        "LATITUDE": "19.46347065",
        "LONGITUDE": "-99.23961185",
        "ID": "8.0",
        "FUENTE": "ALERTA 06",
        "NIC": "202601060099",
        "NUC (NUMERO UNICO DE CARPETA)": "PENDIENTE",
        "NUM MES": "1.0",
        "MES": "ENERO",
        "SEMANA": "SEM 01 (01 AL 07)",
        "DIA": "5.0",
        "DIA DE LA SEMANA": "LUNES",
        "HORA DE LOS HECHOS": "19:00",
        "HORARIO": "19:00",
        "CALLE 1": "CHABACANOS # 66",
        "SECTOR": "5",
        "REGION": "SUR",
        "IMPACTO": "ALTO",
        "SUBTIPO": "ROBO DE VEHICULO",
        "MODALIDAD": "SIN VIOLENCIA",
        "TIPO DE VEHICULO": "MOTOCICLETA",
        "MARCA": "BAJAJ",
        "SUB-MARCA": "PULSAR",
        "AÑO": "2025.0",
        "COLOR": "GRIS",
        "SERIE": "MD2A92CX4SCC01154",
        "NUMERO DE PLACAS": "61KSM9",
        "icon": "images/icon-29.png"
      }
    },
    {
      "type": "Feature",
      "geometry": {
        "type": "Point",
        "coordinates": [
          -99.219274,
          19.47047326
        ]
      },
      "properties": {
        "name": "ROBO DE VEHICULO",
        "folder": "mapa info berni FEB.xlsx",
        "COLONIA": "INDUSTRIAL ALCE BLANCO",
        "LATITUDE": "19.47047326",
        "LONGITUDE": "-99.219274",
        "ID": "9.0",
        "FUENTE": "ALERTA 06",
        "NIC": "202601060122",
        "NUC (NUMERO UNICO DE CARPETA)": "PENDIENTE",
        "NUM MES": "1.0",
        "MES": "ENERO",
        "SEMANA": "SEM 01 (01 AL 07)",
        "DIA": "6.0",
        "DIA DE LA SEMANA": "MARTES",
        "HORA DE LOS HECHOS": "11:00",
        "HORARIO": "11:00",
        "CALLE 1": "CALLE 3",
        "SECTOR": "4",
        "REGION": "SUR",
        "IMPACTO": "ALTO",
        "SUBTIPO": "ROBO DE VEHICULO",
        "MODALIDAD": "SIN VIOLENCIA",
        "TIPO DE VEHICULO": "MOTOCICLETA",
        "MARCA": "ITALIKA",
        "SUB-MARCA": "BIT150",
        "AÑO": "2025.0",
        "COLOR": "ROJO",
        "SERIE": "LLCK1AA55SB010531",
        "NUMERO DE PLACAS": "57KTH3",
        "icon": "images/icon-29.png"
      }
    },
    {
      "type": "Feature",
      "geometry": {
        "type": "Point",
        "coordinates": [
          -99.23470832,
          19.45863476
        ]
      },
      "properties": {
        "name": "ROBO DE VEHICULO",
        "folder": "mapa info berni FEB.xlsx",
        "COLONIA": "SAN ESTEBAN HUITZILACASCO",
        "LATITUDE": "19.45863476",
        "LONGITUDE": "-99.23470832",
        "ID": "10.0",
        "FUENTE": "ALERTA 06",
        "NIC": "202601060137",
        "NUC (NUMERO UNICO DE CARPETA)": "TLA/FRV/VRN/060/004470/26/01",
        "NUM MES": "1.0",
        "MES": "ENERO",
        "SEMANA": "SEM 01 (01 AL 07)",
        "DIA": "5.0",
        "DIA DE LA SEMANA": "LUNES",
        "HORA DE LOS HECHOS": "16:20",
        "HORARIO": "16:00",
        "CALLE 1": "CALZ SAN ESTEBAN",
        "SECTOR": "5",
        "REGION": "SUR",
        "IMPACTO": "ALTO",
        "SUBTIPO": "ROBO DE VEHICULO",
        "MODALIDAD": "SIN VIOLENCIA",
        "TIPO DE VEHICULO": "CAMIONETA",
        "MARCA": "NISSAN",
        "SUB-MARCA": "ESTACAS",
        "AÑO": "2007.0",
        "COLOR": "BLANCO",
        "SERIE": "3N6DD14S07K036536",
        "NUMERO DE PLACAS": "NXZ310A",
        "icon": "images/icon-29.png"
      }
    },
    {
      "type": "Feature",
      "geometry": {
        "type": "Point",
        "coordinates": [
          -99.26361688,
          19.43698311
        ]
      },
      "properties": {
        "name": "ROBO DE VEHICULO",
        "folder": "mapa info berni FEB.xlsx",
        "COLONIA": "ALFREDO V. BONFIL",
        "LATITUDE": "19.43698311",
        "LONGITUDE": "-99.26361688",
        "ID": "11.0",
        "FUENTE": "ALERTA 06",
        "NIC": "202601070028",
        "NUC (NUMERO UNICO DE CARPETA)": "PENDIENTE",
        "NUM MES": "1.0",
        "MES": "ENERO",
        "SEMANA": "SEM 01 (01 AL 07)",
        "DIA": "6.0",
        "DIA DE LA SEMANA": "MARTES",
        "HORA DE LOS HECHOS": "23:00",
        "HORARIO": "23:00",
        "CALLE 1": "ALFREDO V BONFIL EXT 18",
        "SECTOR": "20",
        "REGION": "SUR",
        "IMPACTO": "ALTO",
        "SUBTIPO": "ROBO DE VEHICULO",
        "MODALIDAD": "SIN VIOLENCIA",
        "TIPO DE VEHICULO": "CAMIONETA",
        "MARCA": "HONDA",
        "SUB-MARCA": "CR-V",
        "AÑO": "2018.0",
        "COLOR": "BLANCO",
        "SERIE": "1HGRW1848JL919524",
        "NUMERO DE PLACAS": "PXT792A",
        "icon": "images/icon-29.png"
      }
    },
    {
      "type": "Feature",
      "geometry": {
        "type": "Point",
        "coordinates": [
          -99.26599067,
          19.48642414
        ]
      },
      "properties": {
        "name": "ROBO DE VEHICULO",
        "folder": "mapa info berni FEB.xlsx",
        "COLONIA": "VISTA DEL VALLE SECCION ELECTRICISTAS",
        "LATITUDE": "19.48642414",
        "LONGITUDE": "-99.26599067",
        "ID": "12.0",
        "FUENTE": "TEL, SC Y 06",
        "NIC": "202601070029",
        "NUC (NUMERO UNICO DE CARPETA)": "TLA/FRV/VRN/060/004830/26/01",
        "NUM MES": "1.0",
        "MES": "ENERO",
        "SEMANA": "SEM 01 (01 AL 07)",
        "DIA": "30.0",
        "DIA DE LA SEMANA": "MARTES",
        "HORA DE LOS HECHOS": "11:00",
        "HORARIO": "11:00",
        "CALLE 1": "VALLE DE MEXICO",
        "SECTOR": "7",
        "REGION": "NORTE",
        "IMPACTO": "ALTO",
        "SUBTIPO": "ROBO DE VEHICULO",
        "MODALIDAD": "SIN VIOLENCIA",
        "TIPO DE VEHICULO": "AUTOMOVIL",
        "MARCA": "FORD",
        "SUB-MARCA": "MUSTANG",
        "AÑO": "2006.0",
        "COLOR": "NEGRO",
        "SERIE": "1ZVFT82H365124839",
        "NUMERO DE PLACAS": "NMV5217",
        "icon": "images/icon-29.png"
      }
    },
    {
      "type": "Feature",
      "geometry": {
        "type": "Point",
        "coordinates": [
          -99.28739986,
          19.43710079
        ]
      },
      "properties": {
        "name": "ROBO DE VEHICULO",
        "folder": "mapa info berni FEB.xlsx",
        "COLONIA": "MINAS EL COYOTE",
        "LATITUDE": "19.43710079",
        "LONGITUDE": "-99.28739986",
        "ID": "13.0",
        "FUENTE": "ALERTA 06",
        "NIC": "202601070067",
        "NUC (NUMERO UNICO DE CARPETA)": "PENDIENTE",
        "NUM MES": "1.0",
        "MES": "ENERO",
        "SEMANA": "SEM 01 (01 AL 07)",
        "DIA": "6.0",
        "DIA DE LA SEMANA": "MARTES",
        "HORA DE LOS HECHOS": "20:30",
        "HORARIO": "20:00",
        "CALLE 1": "CERRADA NARANJO Ext MZ 4 LT 3",
        "SECTOR": "26",
        "REGION": "SUR",
        "IMPACTO": "ALTO",
        "SUBTIPO": "ROBO DE VEHICULO",
        "MODALIDAD": "SIN VIOLENCIA",
        "TIPO DE VEHICULO": "AUTOMOVIL",
        "MARCA": "CHEVROLET",
        "SUB-MARCA": "SPARK",
        "AÑO": "2016.0",
        "COLOR": "ROJO",
        "SERIE": "MA6CA6AD1GT011273",
        "NUMERO DE PLACAS": "MJG976C",
        "icon": "images/icon-29.png"
      }
    },
    {
      "type": "Feature",
      "geometry": {
        "type": "Point",
        "coordinates": [
          -99.22955755,
          19.42864768
        ]
      },
      "properties": {
        "name": "ROBO DE VEHICULO",
        "folder": "mapa info berni FEB.xlsx",
        "COLONIA": "LOMAS DE TECAMACHALCO",
        "LATITUDE": "19.42864768",
        "LONGITUDE": "-99.22955755",
        "ID": "14.0",
        "FUENTE": "TEL, SC Y 06",
        "NIC": "202601070079",
        "NUC (NUMERO UNICO DE CARPETA)": "PENDIENTE",
        "NUM MES": "1.0",
        "MES": "ENERO",
        "SEMANA": "SEM 01 (01 AL 07)",
        "DIA": "7.0",
        "DIA DE LA SEMANA": "MIERCOLES",
        "HORA DE LOS HECHOS": "21:00",
        "HORARIO": "21:00",
        "CALLE 1": "AV. FUENTE DE LAS AGUILAS",
        "SECTOR": "25",
        "REGION": "SUR",
        "IMPACTO": "ALTO",
        "SUBTIPO": "ROBO DE VEHICULO",
        "MODALIDAD": "SIN VIOLENCIA",
        "TIPO DE VEHICULO": "MOTOCICLETA",
        "MARCA": "HONDA",
        "SUB-MARCA": "CARGO 150",
        "AÑO": "2025.0",
        "COLOR": "BLANCO",
        "SERIE": "3H1KA0540SD313627",
        "NUMERO DE PLACAS": "K5P70R",
        "icon": "images/icon-29.png"
      }
    },
    {
      "type": "Feature",
      "geometry": {
        "type": "Point",
        "coordinates": [
          -99.26901777,
          19.4861889
        ]
      },
      "properties": {
        "name": "ROBO DE VEHICULO",
        "folder": "mapa info berni FEB.xlsx",
        "COLONIA": "MEXICO 68",
        "LATITUDE": "19.4861889",
        "LONGITUDE": "-99.26901777",
        "ID": "15.0",
        "FUENTE": "ALERTA 06",
        "NIC": "202601080109",
        "NUC (NUMERO UNICO DE CARPETA)": "PENDIENTE",
        "NUM MES": "1.0",
        "MES": "ENERO",
        "SEMANA": "SEM 02 (08 AL 14)",
        "DIA": "4.0",
        "DIA DE LA SEMANA": "DOMINGO",
        "HORA DE LOS HECHOS": "22:00",
        "HORARIO": "22:00",
        "CALLE 1": "AV MEXICO 68",
        "SECTOR": "7",
        "REGION": "NORTE",
        "IMPACTO": "ALTO",
        "SUBTIPO": "ROBO DE VEHICULO",
        "MODALIDAD": "SIN VIOLENCIA",
        "TIPO DE VEHICULO": "MOTOCICLETA",
        "MARCA": "VENTO",
        "SUB-MARCA": "WORKMAN",
        "AÑO": "2022.0",
        "COLOR": "BLANCO",
        "SERIE": "LD3VLDBD9N1000967",
        "NUMERO DE PLACAS": "6188B7",
        "icon": "images/icon-29.png"
      }
    },
    {
      "type": "Feature",
      "geometry": {
        "type": "Point",
        "coordinates": [
          -99.23358526,
          19.48584154
        ]
      },
      "properties": {
        "name": "ROBO DE VEHICULO",
        "folder": "mapa info berni FEB.xlsx",
        "COLONIA": "BOSQUE DE ECHEGARAY",
        "LATITUDE": "19.48584154",
        "LONGITUDE": "-99.23358526",
        "ID": "16.0",
        "FUENTE": "ALERTA 06",
        "NIC": "202601080124",
        "NUC (NUMERO UNICO DE CARPETA)": "PENDIENTE",
        "NUM MES": "1.0",
        "MES": "ENERO",
        "SEMANA": "SEM 02 (08 AL 14)",
        "DIA": "6.0",
        "DIA DE LA SEMANA": "MARTES",
        "HORA DE LOS HECHOS": "18:00",
        "HORARIO": "18:00",
        "CALLE 1": "HACIENDA DE ECHEGARAY",
        "SECTOR": "3",
        "REGION": "NORTE",
        "IMPACTO": "ALTO",
        "SUBTIPO": "ROBO DE VEHICULO",
        "MODALIDAD": "SIN VIOLENCIA",
        "TIPO DE VEHICULO": "AUTOMOVIL",
        "MARCA": "VOLKSWAGEN",
        "SUB-MARCA": "JETTA",
        "AÑO": "2024.0",
        "COLOR": "PLATA",
        "SERIE": "3VWHP6BUXRM072106",
        "NUMERO DE PLACAS": "MAE287C",
        "icon": "images/icon-29.png"
      }
    },
    {
      "type": "Feature",
      "geometry": {
        "type": "Point",
        "coordinates": [
          -99.25718,
          19.49059
        ]
      },
      "properties": {
        "name": "ROBO DE VEHICULO",
        "folder": "mapa info berni FEB.xlsx",
        "COLONIA": "JARDINES DE SAN MATEO",
        "LATITUDE": "19.49059",
        "LONGITUDE": "-99.25718",
        "ID": "17.0",
        "FUENTE": "ALERTA 06",
        "NIC": "202601080131",
        "NUC (NUMERO UNICO DE CARPETA)": "PENDIENTE",
        "NUM MES": "1.0",
        "MES": "ENERO",
        "SEMANA": "SEM 02 (08 AL 14)",
        "DIA": "7.0",
        "DIA DE LA SEMANA": "MIERCOLES",
        "HORA DE LOS HECHOS": "10:00",
        "HORARIO": "10:00",
        "CALLE 1": "COLORINES",
        "SECTOR": "7",
        "REGION": "NORTE",
        "IMPACTO": "ALTO",
        "SUBTIPO": "ROBO DE VEHICULO",
        "MODALIDAD": "SIN VIOLENCIA",
        "TIPO DE VEHICULO": "CAMIONETA",
        "MARCA": "FORD",
        "SUB-MARCA": "EXPLORER",
        "AÑO": "2018.0",
        "COLOR": "NEGRO",
        "SERIE": "1FM5K7F88JGC50032",
        "NUMERO DE PLACAS": "VPP071A",
        "icon": "images/icon-29.png"
      }
    },
    {
      "type": "Feature",
      "geometry": {
        "type": "Point",
        "coordinates": [
          -99.2462398,
          19.49336825
        ]
      },
      "properties": {
        "name": "ROBO DE VEHICULO",
        "folder": "mapa info berni FEB.xlsx",
        "COLONIA": "BOULEVARES",
        "LATITUDE": "19.49336825",
        "LONGITUDE": "-99.2462398",
        "ID": "18.0",
        "FUENTE": "TEL, SC Y 06",
        "NIC": "202601090019",
        "NUC (NUMERO UNICO DE CARPETA)": "PENDIENTE",
        "NUM MES": "1.0",
        "MES": "ENERO",
        "SEMANA": "SEM 02 (08 AL 14)",
        "DIA": "8.0",
        "DIA DE LA SEMANA": "JUEVES",
        "HORA DE LOS HECHOS": "22:00",
        "HORARIO": "22:00",
        "CALLE 1": "COLINA DE LA PAZ",
        "SECTOR": "8",
        "REGION": "NORTE",
        "IMPACTO": "ALTO",
        "SUBTIPO": "ROBO DE VEHICULO",
        "MODALIDAD": "SIN VIOLENCIA",
        "TIPO DE VEHICULO": "CAMIONETA",
        "MARCA": "HONDA",
        "SUB-MARCA": "PILOT",
        "AÑO": "2016.0",
        "COLOR": "PLATA",
        "SERIE": "5KBYF6890GB804013",
        "NUMERO DE PLACAS": "PWT295B",
        "icon": "images/icon-29.png"
      }
    },
    {
      "type": "Feature",
      "geometry": {
        "type": "Point",
        "coordinates": [
          -99.26149,
          19.507592
        ]
      },
      "properties": {
        "name": "ROBO DE VEHICULO",
        "folder": "mapa info berni FEB.xlsx",
        "COLONIA": "LOMAS VERDES 1ª SECCION",
        "LATITUDE": "19.507592",
        "LONGITUDE": "-99.26149",
        "ID": "19.0",
        "FUENTE": "TEL, SC Y 06",
        "NIC": "202601090063",
        "NUC (NUMERO UNICO DE CARPETA)": "PENDIENTE",
        "NUM MES": "1.0",
        "MES": "ENERO",
        "SEMANA": "SEM 02 (08 AL 14)",
        "DIA": "9.0",
        "DIA DE LA SEMANA": "VIERNES",
        "HORA DE LOS HECHOS": "14:00",
        "HORARIO": "14:00",
        "CALLE 1": "PASEO DE LAS AVES",
        "SECTOR": "16",
        "REGION": "NORTE",
        "IMPACTO": "ALTO",
        "SUBTIPO": "ROBO DE VEHICULO",
        "MODALIDAD": "SIN VIOLENCIA",
        "TIPO DE VEHICULO": "MOTOCICLETA",
        "MARCA": "KAWASAKI",
        "SUB-MARCA": "ZX6R",
        "AÑO": "2004.0",
        "COLOR": "VERDE",
        "SERIE": "JKBZXJJ1XRA005400",
        "NUMERO DE PLACAS": "S/P",
        "icon": "images/icon-29.png"
      }
    },
    {
      "type": "Feature",
      "geometry": {
        "type": "Point",
        "coordinates": [
          -99.28148959,
          19.45364109
        ]
      },
      "properties": {
        "name": "ROBO DE VEHICULO",
        "folder": "mapa info berni FEB.xlsx",
        "COLONIA": "EMILIANO ZAPATA",
        "LATITUDE": "19.45364109",
        "LONGITUDE": "-99.28148959",
        "ID": "20.0",
        "FUENTE": "ALERTA 06",
        "NIC": "202601100080",
        "NUC (NUMERO UNICO DE CARPETA)": "PENDIENTE",
        "NUM MES": "1.0",
        "MES": "ENERO",
        "SEMANA": "SEM 02 (08 AL 14)",
        "DIA": "10.0",
        "DIA DE LA SEMANA": "SABADO",
        "HORA DE LOS HECHOS": "13:30",
        "HORARIO": "13:00",
        "CALLE 1": "ANDADOR SANTOS DEGOLLADO",
        "SECTOR": "31",
        "REGION": "SUR",
        "IMPACTO": "ALTO",
        "SUBTIPO": "ROBO DE VEHICULO",
        "MODALIDAD": "SIN VIOLENCIA",
        "TIPO DE VEHICULO": "MOTOCICLETA",
        "MARCA": "ITALIKA",
        "SUB-MARCA": "DM250",
        "AÑO": "2022.0",
        "COLOR": "NARANJA",
        "SERIE": "LZSK4FKK5NF104808",
        "NUMERO DE PLACAS": "9124E5",
        "icon": "images/icon-29.png"
      }
    },
    {
      "type": "Feature",
      "geometry": {
        "type": "Point",
        "coordinates": [
          -99.25252,
          19.44776
        ]
      },
      "properties": {
        "name": "ROBO DE VEHICULO",
        "folder": "mapa info berni FEB.xlsx",
        "COLONIA": "SAN JOSE DE LOS LEONES 1ª SECCION",
        "LATITUDE": "19.44776",
        "LONGITUDE": "-99.25252",
        "ID": "21.0",
        "FUENTE": "ALERTA 06",
        "NIC": "202601110022",
        "NUC (NUMERO UNICO DE CARPETA)": "PENDIENTE",
        "NUM MES": "1.0",
        "MES": "ENERO",
        "SEMANA": "SEM 02 (08 AL 14)",
        "DIA": "10.0",
        "DIA DE LA SEMANA": "SABADO",
        "HORA DE LOS HECHOS": "23:30",
        "HORARIO": "23:00",
        "CALLE 1": "SAN FRANCISCO",
        "SECTOR": "12",
        "REGION": "SUR",
        "IMPACTO": "ALTO",
        "SUBTIPO": "ROBO DE VEHICULO",
        "MODALIDAD": "SIN VIOLENCIA",
        "TIPO DE VEHICULO": "MOTOCICLETA",
        "MARCA": "ITALIKA",
        "SUB-MARCA": "DM250",
        "AÑO": "2025.0",
        "COLOR": "VERDE",
        "SERIE": "3SCK4FKK751007853",
        "NUMERO DE PLACAS": "S/P",
        "icon": "images/icon-29.png"
      }
    },
    {
      "type": "Feature",
      "geometry": {
        "type": "Point",
        "coordinates": [
          -99.26389,
          19.47565
        ]
      },
      "properties": {
        "name": "ROBO DE VEHICULO",
        "folder": "mapa info berni FEB.xlsx",
        "COLONIA": "VISTA DEL VALLE II, III, IV, Y IX",
        "LATITUDE": "19.47565",
        "LONGITUDE": "-99.26389",
        "ID": "22.0",
        "FUENTE": "TEL, SC Y 06",
        "NIC": "202601110024",
        "NUC (NUMERO UNICO DE CARPETA)": "PENDIENTE",
        "NUM MES": "1.0",
        "MES": "ENERO",
        "SEMANA": "SEM 02 (08 AL 14)",
        "DIA": "10.0",
        "DIA DE LA SEMANA": "SABADO",
        "HORA DE LOS HECHOS": "22:00",
        "HORARIO": "22:00",
        "CALLE 1": "ACUEDUCTO DE LOS REMEDIOS",
        "SECTOR": "14",
        "REGION": "NORTE",
        "IMPACTO": "ALTO",
        "SUBTIPO": "ROBO DE VEHICULO",
        "MODALIDAD": "SIN VIOLENCIA",
        "TIPO DE VEHICULO": "CAMIONETA",
        "MARCA": "HONDA",
        "SUB-MARCA": "CR-V",
        "AÑO": "2017.0",
        "COLOR": "GRIS",
        "SERIE": "1HGRW1844HL913519",
        "NUMERO DE PLACAS": "MZT823A",
        "icon": "images/icon-29.png"
      }
    },
    {
      "type": "Feature",
      "geometry": {
        "type": "Point",
        "coordinates": [
          -99.29136,
          19.44062
        ]
      },
      "properties": {
        "name": "ROBO DE VEHICULO",
        "folder": "mapa info berni FEB.xlsx",
        "COLONIA": "MINAS SAN MARTIN",
        "LATITUDE": "19.44062",
        "LONGITUDE": "-99.29136",
        "ID": "23.0",
        "FUENTE": "ALERTA 06",
        "NIC": "202601110038",
        "NUC (NUMERO UNICO DE CARPETA)": "PENDIENTE",
        "NUM MES": "1.0",
        "MES": "ENERO",
        "SEMANA": "SEM 02 (08 AL 14)",
        "DIA": "10.0",
        "DIA DE LA SEMANA": "SABADO",
        "HORA DE LOS HECHOS": "23:00",
        "HORARIO": "23:00",
        "CALLE 1": "AV MINA REAL DEL ORO",
        "SECTOR": "26",
        "REGION": "SUR",
        "IMPACTO": "ALTO",
        "SUBTIPO": "ROBO DE VEHICULO",
        "MODALIDAD": "SIN VIOLENCIA",
        "TIPO DE VEHICULO": "AUTOMOVIL",
        "MARCA": "CHEVROLET",
        "SUB-MARCA": "AVEO",
        "AÑO": "2025.0",
        "COLOR": "AZUL",
        "SERIE": "LZWPRMGN8SF085518",
        "NUMERO DE PLACAS": "NWV320B",
        "icon": "images/icon-29.png"
      }
    },
    {
      "type": "Feature",
      "geometry": {
        "type": "Point",
        "coordinates": [
          -99.25472,
          19.46893
        ]
      },
      "properties": {
        "name": "ROBO DE VEHICULO",
        "folder": "mapa info berni FEB.xlsx",
        "COLONIA": "LOS REMEDIOS",
        "LATITUDE": "19.46893",
        "LONGITUDE": "-99.25472",
        "ID": "24.0",
        "FUENTE": "ALERTA 06",
        "NIC": "202601110049",
        "NUC (NUMERO UNICO DE CARPETA)": "TLA/FRV/VRN/060/008890/26/01",
        "NUM MES": "1.0",
        "MES": "ENERO",
        "SEMANA": "SEM 02 (08 AL 14)",
        "DIA": "11.0",
        "DIA DE LA SEMANA": "DOMINGO",
        "HORA DE LOS HECHOS": "0:30",
        "HORARIO": "0:00",
        "CALLE 1": "JOSE MARIA MORELOS",
        "SECTOR": "6",
        "REGION": "SUR",
        "IMPACTO": "ALTO",
        "SUBTIPO": "ROBO DE VEHICULO",
        "MODALIDAD": "SIN VIOLENCIA",
        "TIPO DE VEHICULO": "MOTOCICLETA",
        "MARCA": "ITALIKA",
        "SUB-MARCA": "DM200",
        "AÑO": "2024.0",
        "COLOR": "VERDE",
        "SERIE": "3SCK4EKH6R1026029",
        "NUMERO DE PLACAS": "61BPP1",
        "icon": "images/icon-29.png"
      }
    },
    {
      "type": "Feature",
      "geometry": {
        "type": "Point",
        "coordinates": [
          -99.26034294,
          19.46297443
        ]
      },
      "properties": {
        "name": "ROBO DE VEHICULO",
        "folder": "mapa info berni FEB.xlsx",
        "COLONIA": "SAN LORENZO TOTOLINGA 1ª SECCION",
        "LATITUDE": "19.46297443",
        "LONGITUDE": "-99.26034294",
        "ID": "25.0",
        "FUENTE": "ALERTA 06",
        "NIC": "202601110050",
        "NUC (NUMERO UNICO DE CARPETA)": "TLA/FRV/VRN/060/008986/26/01",
        "NUM MES": "1.0",
        "MES": "ENERO",
        "SEMANA": "SEM 02 (08 AL 14)",
        "DIA": "10.0",
        "DIA DE LA SEMANA": "SABADO",
        "HORA DE LOS HECHOS": "22:30",
        "HORARIO": "22:00",
        "CALLE 1": "CERRADA DE LOS ANGELES EXT 31",
        "SECTOR": "13",
        "REGION": "SUR",
        "IMPACTO": "ALTO",
        "SUBTIPO": "ROBO DE VEHICULO",
        "MODALIDAD": "SIN VIOLENCIA",
        "TIPO DE VEHICULO": "MOTOCICLETA",
        "MARCA": "ITALIKA",
        "SUB-MARCA": "WS150",
        "AÑO": "2015.0",
        "COLOR": "NEGRO",
        "SERIE": "3SCTWSEA5F1007947",
        "NUMERO DE PLACAS": "W64WN",
        "icon": "images/icon-29.png"
      }
    },
    {
      "type": "Feature",
      "geometry": {
        "type": "Point",
        "coordinates": [
          -99.26809,
          19.43701
        ]
      },
      "properties": {
        "name": "ROBO DE VEHICULO",
        "folder": "mapa info berni FEB.xlsx",
        "COLONIA": "PLAN DE AYALA 2ª SECCION",
        "LATITUDE": "19.43701",
        "LONGITUDE": "-99.26809",
        "ID": "26.0",
        "FUENTE": "TEL, SC Y 06",
        "NIC": "202601110095",
        "NUC (NUMERO UNICO DE CARPETA)": "TLA/FRV/VRN/060/009278/26/01",
        "NUM MES": "1.0",
        "MES": "ENERO",
        "SEMANA": "SEM 02 (08 AL 14)",
        "DIA": "11.0",
        "DIA DE LA SEMANA": "DOMINGO",
        "HORA DE LOS HECHOS": "21:10",
        "HORARIO": "21:00",
        "CALLE 1": "ARTICULO 27",
        "SECTOR": "20",
        "REGION": "SUR",
        "IMPACTO": "ALTO",
        "SUBTIPO": "ROBO DE VEHICULO",
        "MODALIDAD": "SIN VIOLENCIA",
        "TIPO DE VEHICULO": "MOTOCICLETA",
        "MARCA": "BAJAJ",
        "SUB-MARCA": "PULSAR NS200",
        "AÑO": "2024.0",
        "COLOR": "NEGRO",
        "SERIE": "MD2A36FX9RCB85340",
        "NUMERO DE PLACAS": "71KAL9",
        "icon": "images/icon-29.png"
      }
    },
    {
      "type": "Feature",
      "geometry": {
        "type": "Point",
        "coordinates": [
          -99.27392906,
          19.49614147
        ]
      },
      "properties": {
        "name": "ROBO DE VEHICULO",
        "folder": "mapa info berni FEB.xlsx",
        "COLONIA": "COLINAS DE SAN MATEO",
        "LATITUDE": "19.49614147",
        "LONGITUDE": "-99.27392906",
        "ID": "27.0",
        "FUENTE": "TEL, SC Y 06",
        "NIC": "202601120061",
        "NUC (NUMERO UNICO DE CARPETA)": "PENDIENTE",
        "NUM MES": "1.0",
        "MES": "ENERO",
        "SEMANA": "SEM 02 (08 AL 14)",
        "DIA": "11.0",
        "DIA DE LA SEMANA": "DOMINGO",
        "HORA DE LOS HECHOS": "4:30",
        "HORARIO": "4:00",
        "CALLE 1": "AV CENTRAL",
        "SECTOR": "15",
        "REGION": "NORTE",
        "IMPACTO": "ALTO",
        "SUBTIPO": "ROBO DE VEHICULO",
        "MODALIDAD": "SIN VIOLENCIA",
        "TIPO DE VEHICULO": "MOTOCICLETA",
        "MARCA": "ITALIKA",
        "SUB-MARCA": "150",
        "AÑO": "2021.0",
        "COLOR": "GRIS",
        "SERIE": "3SCK2AEN9M1057445",
        "NUMERO DE PLACAS": "5405C3",
        "icon": "images/icon-29.png"
      }
    },
    {
      "type": "Feature",
      "geometry": {
        "type": "Point",
        "coordinates": [
          -99.24536285,
          19.44859338
        ]
      },
      "properties": {
        "name": "ROBO DE VEHICULO",
        "folder": "mapa info berni FEB.xlsx",
        "COLONIA": "SAN ANTONIO ZOMEYUCAN",
        "LATITUDE": "19.44859338",
        "LONGITUDE": "-99.24536285",
        "ID": "28.0",
        "FUENTE": "ALERTA 06",
        "NIC": "202601130028",
        "NUC (NUMERO UNICO DE CARPETA)": "TLA/FRV/VRN/060/010551/26/01",
        "NUM MES": "1.0",
        "MES": "ENERO",
        "SEMANA": "SEM 02 (08 AL 14)",
        "DIA": "13.0",
        "DIA DE LA SEMANA": "MARTES",
        "HORA DE LOS HECHOS": "4:40",
        "HORARIO": "4:00",
        "CALLE 1": "SATELITE",
        "SECTOR": "5",
        "REGION": "SUR",
        "IMPACTO": "ALTO",
        "SUBTIPO": "ROBO DE VEHICULO",
        "MODALIDAD": "SIN VIOLENCIA",
        "TIPO DE VEHICULO": "AUTOMOVIL",
        "MARCA": "NISSAN",
        "SUB-MARCA": "VERSA",
        "AÑO": "2025.0",
        "COLOR": "GRIS",
        "SERIE": "3N1CN8AE5SK603466",
        "NUMERO DE PLACAS": "YAS308C",
        "icon": "images/icon-29.png"
      }
    },
    {
      "type": "Feature",
      "geometry": {
        "type": "Point",
        "coordinates": [
          -99.23933617,
          19.46342134
        ]
      },
      "properties": {
        "name": "ROBO DE VEHICULO",
        "folder": "mapa info berni FEB.xlsx",
        "COLONIA": "ROSA DE CASTILLA",
        "LATITUDE": "19.46342134",
        "LONGITUDE": "-99.23933617",
        "ID": "29.0",
        "FUENTE": "ALERTA 06",
        "NIC": "202601130033",
        "NUC (NUMERO UNICO DE CARPETA)": "PENDIENTE",
        "NUM MES": "1.0",
        "MES": "ENERO",
        "SEMANA": "SEM 02 (08 AL 14)",
        "DIA": "12.0",
        "DIA DE LA SEMANA": "LUNES",
        "HORA DE LOS HECHOS": "22:00",
        "HORARIO": "22:00",
        "CALLE 1": "CHABACANOS",
        "SECTOR": "5",
        "REGION": "SUR",
        "IMPACTO": "ALTO",
        "SUBTIPO": "ROBO DE VEHICULO",
        "MODALIDAD": "SIN VIOLENCIA",
        "TIPO DE VEHICULO": "AUTOMOVIL",
        "MARCA": "NISSAN",
        "SUB-MARCA": "VERSA",
        "AÑO": "2020.0",
        "COLOR": "BLANCO",
        "SERIE": "3N1CN8AE3LL841036",
        "NUMERO DE PLACAS": "T27BFR",
        "icon": "images/icon-29.png"
      }
    },
    {
      "type": "Feature",
      "geometry": {
        "type": "Point",
        "coordinates": [
          -99.23733236,
          19.42110101
        ]
      },
      "properties": {
        "name": "ROBO DE VEHICULO",
        "folder": "mapa info berni FEB.xlsx",
        "COLONIA": "LOMAS DE TECAMACHALCO",
        "LATITUDE": "19.42110101",
        "LONGITUDE": "-99.23733236",
        "ID": "30.0",
        "FUENTE": "ALERTA 06",
        "NIC": "202601130040",
        "NUC (NUMERO UNICO DE CARPETA)": "PENDIENTE",
        "NUM MES": "1.0",
        "MES": "ENERO",
        "SEMANA": "SEM 02 (08 AL 14)",
        "DIA": "12.0",
        "DIA DE LA SEMANA": "LUNES",
        "HORA DE LOS HECHOS": "22:15",
        "HORARIO": "22:00",
        "CALLE 1": "FUENTE DE ACUEDUCTO",
        "SECTOR": "25",
        "REGION": "SUR",
        "IMPACTO": "ALTO",
        "SUBTIPO": "ROBO DE VEHICULO",
        "MODALIDAD": "SIN VIOLENCIA",
        "TIPO DE VEHICULO": "AUTOMOVIL",
        "MARCA": "NISSAN",
        "SUB-MARCA": "V-DRIVE",
        "AÑO": "2023.0",
        "COLOR": "BLANCO",
        "SERIE": "3N1CN7AEXPL719869",
        "NUMERO DE PLACAS": "PAD474B",
        "icon": "images/icon-29.png"
      }
    },
    {
      "type": "Feature",
      "geometry": {
        "type": "Point",
        "coordinates": [
          -99.2298779,
          19.46790312
        ]
      },
      "properties": {
        "name": "ROBO DE VEHICULO",
        "folder": "mapa info berni FEB.xlsx",
        "COLONIA": "EL CONDE",
        "LATITUDE": "19.46790312",
        "LONGITUDE": "-99.2298779",
        "ID": "31.0",
        "FUENTE": "ALERTA 06",
        "NIC": "202601130041",
        "NUC (NUMERO UNICO DE CARPETA)": "PENDIENTE",
        "NUM MES": "1.0",
        "MES": "ENERO",
        "SEMANA": "SEM 02 (08 AL 14)",
        "DIA": "12.0",
        "DIA DE LA SEMANA": "LUNES",
        "HORA DE LOS HECHOS": "17:00",
        "HORARIO": "17:00",
        "CALLE 1": "SAN ANDRES ATOTO Ext 21",
        "SECTOR": "5",
        "REGION": "SUR",
        "IMPACTO": "ALTO",
        "SUBTIPO": "ROBO DE VEHICULO",
        "MODALIDAD": "SIN VIOLENCIA",
        "TIPO DE VEHICULO": "CAMION",
        "MARCA": "FORD",
        "SUB-MARCA": "INTERNACIONAL PROSTAR",
        "AÑO": "1974.0",
        "COLOR": "ROJO",
        "SERIE": "ACJNK52215",
        "NUMERO DE PLACAS": "LH04844",
        "icon": "images/icon-29.png"
      }
    },
    {
      "type": "Feature",
      "geometry": {
        "type": "Point",
        "coordinates": [
          -99.23043047,
          19.43500558
        ]
      },
      "properties": {
        "name": "ROBO DE VEHICULO",
        "folder": "mapa info berni FEB.xlsx",
        "COLONIA": "LOMAS MANUEL AVILA CAMACHO",
        "LATITUDE": "19.43500558",
        "LONGITUDE": "-99.23043047",
        "ID": "32.0",
        "FUENTE": "ALERTA 06",
        "NIC": "202601130048",
        "NUC (NUMERO UNICO DE CARPETA)": "TLA/FRV/VRN/060/011320/26/01",
        "NUM MES": "1.0",
        "MES": "ENERO",
        "SEMANA": "SEM 02 (08 AL 14)",
        "DIA": "12.0",
        "DIA DE LA SEMANA": "LUNES",
        "HORA DE LOS HECHOS": "22:00",
        "HORARIO": "22:00",
        "CALLE 1": "8 DE SEPTIEMBRE Ext 23",
        "SECTOR": "25",
        "REGION": "SUR",
        "IMPACTO": "ALTO",
        "SUBTIPO": "ROBO DE VEHICULO",
        "MODALIDAD": "SIN VIOLENCIA",
        "TIPO DE VEHICULO": "AUTOMOVIL",
        "MARCA": "NISSAN",
        "SUB-MARCA": "V-DRIVE",
        "AÑO": "2023.0",
        "COLOR": "AZUL",
        "SERIE": "3N1CN7AE9PL711021",
        "NUMERO DE PLACAS": "MKB665A",
        "icon": "images/icon-29.png"
      }
    },
    {
      "type": "Feature",
      "geometry": {
        "type": "Point",
        "coordinates": [
          -99.25367532,
          19.45267387
        ]
      },
      "properties": {
        "name": "ROBO DE VEHICULO",
        "folder": "mapa info berni FEB.xlsx",
        "COLONIA": "ALTAMIRA",
        "LATITUDE": "19.45267387",
        "LONGITUDE": "-99.25367532",
        "ID": "33.0",
        "FUENTE": "ALERTA 06",
        "NIC": "202601130094",
        "NUC (NUMERO UNICO DE CARPETA)": "PENDIENTE",
        "NUM MES": "1.0",
        "MES": "ENERO",
        "SEMANA": "SEM 02 (08 AL 14)",
        "DIA": "10.0",
        "DIA DE LA SEMANA": "SABADO",
        "HORA DE LOS HECHOS": "15:00",
        "HORARIO": "15:00",
        "CALLE 1": "AV ALTAMIRA",
        "SECTOR": "12",
        "REGION": "SUR",
        "IMPACTO": "ALTO",
        "SUBTIPO": "ROBO DE VEHICULO",
        "MODALIDAD": "SIN VIOLENCIA",
        "TIPO DE VEHICULO": "AUTOMOVIL",
        "MARCA": "FORD",
        "SUB-MARCA": "FIESTA",
        "AÑO": "2014.0",
        "COLOR": "ROJO",
        "SERIE": "3FADP4EJ3EM238747",
        "NUMERO DE PLACAS": "LHT598C",
        "icon": "images/icon-29.png"
      }
    },
    {
      "type": "Feature",
      "geometry": {
        "type": "Point",
        "coordinates": [
          -99.26615633,
          19.503308
        ]
      },
      "properties": {
        "name": "ROBO DE VEHICULO",
        "folder": "mapa info berni FEB.xlsx",
        "COLONIA": "SAN MATEO NOPALA",
        "LATITUDE": "19.503308",
        "LONGITUDE": "-99.26615633",
        "ID": "34.0",
        "FUENTE": "ALERTA 06",
        "NIC": "202601140009",
        "NUC (NUMERO UNICO DE CARPETA)": "PENDIENTE",
        "NUM MES": "1.0",
        "MES": "ENERO",
        "SEMANA": "SEM 02 (08 AL 14)",
        "DIA": "13.0",
        "DIA DE LA SEMANA": "MARTES",
        "HORA DE LOS HECHOS": "17:00",
        "HORARIO": "17:00",
        "CALLE 1": "CORREGIDORA Ext 23",
        "SECTOR": "15",
        "REGION": "NORTE",
        "IMPACTO": "ALTO",
        "SUBTIPO": "ROBO DE VEHICULO",
        "MODALIDAD": "SIN VIOLENCIA",
        "TIPO DE VEHICULO": "AUTOMOVIL",
        "MARCA": "NISSAN",
        "SUB-MARCA": "VERSA",
        "AÑO": "2024.0",
        "COLOR": "GRIS",
        "SERIE": "3N1CN8AE0RL911987",
        "NUMERO DE PLACAS": "MXT661A",
        "icon": "images/icon-29.png"
      }
    },
    {
      "type": "Feature",
      "geometry": {
        "type": "Point",
        "coordinates": [
          -99.26088731,
          19.43645137
        ]
      },
      "properties": {
        "name": "ROBO DE VEHICULO",
        "folder": "mapa info berni FEB.xlsx",
        "COLONIA": "BENITO JUAREZ",
        "LATITUDE": "19.43645137",
        "LONGITUDE": "-99.26088731",
        "ID": "35.0",
        "FUENTE": "ALERTA 06",
        "NIC": "202601140013",
        "NUC (NUMERO UNICO DE CARPETA)": "PENDIENTE",
        "NUM MES": "1.0",
        "MES": "ENERO",
        "SEMANA": "SEM 02 (08 AL 14)",
        "DIA": "13.0",
        "DIA DE LA SEMANA": "MARTES",
        "HORA DE LOS HECHOS": "20:00",
        "HORARIO": "20:00",
        "CALLE 1": "SIERRA TLAXCALA Ext 142",
        "SECTOR": "20",
        "REGION": "SUR",
        "IMPACTO": "ALTO",
        "SUBTIPO": "ROBO DE VEHICULO",
        "MODALIDAD": "SIN VIOLENCIA",
        "TIPO DE VEHICULO": "MOTOCICLETA",
        "MARCA": "ITALIKA",
        "SUB-MARCA": "250Z",
        "AÑO": "2024.0",
        "COLOR": "NEGRO",
        "SERIE": "3SCK5FLD1R1005250",
        "NUMERO DE PLACAS": "36BSR6",
        "icon": "images/icon-29.png"
      }
    },
    {
      "type": "Feature",
      "geometry": {
        "type": "Point",
        "coordinates": [
          -99.25851,
          19.47974
        ]
      },
      "properties": {
        "name": "ROBO DE VEHICULO",
        "folder": "mapa info berni FEB.xlsx",
        "COLONIA": "SAN JUAN TOTOLTEPEC",
        "LATITUDE": "19.47974",
        "LONGITUDE": "-99.25851",
        "ID": "36.0",
        "FUENTE": "ALERTA 06",
        "NIC": "202601140031",
        "NUC (NUMERO UNICO DE CARPETA)": "TLA/FRV/VRN/060/012039/26/01",
        "NUM MES": "1.0",
        "MES": "ENERO",
        "SEMANA": "SEM 02 (08 AL 14)",
        "DIA": "13.0",
        "DIA DE LA SEMANA": "MARTES",
        "HORA DE LOS HECHOS": "22:00",
        "HORARIO": "22:00",
        "CALLE 1": "AV REFORMA",
        "SECTOR": "7",
        "REGION": "NORTE",
        "IMPACTO": "ALTO",
        "SUBTIPO": "ROBO DE VEHICULO",
        "MODALIDAD": "SIN VIOLENCIA",
        "TIPO DE VEHICULO": "AUTOMOVIL",
        "MARCA": "NISSAN",
        "SUB-MARCA": "MARCH",
        "AÑO": "2025.0",
        "COLOR": "GRIS",
        "SERIE": "3N1CK3CE2SL210169",
        "NUMERO DE PLACAS": "MAP368C",
        "icon": "images/icon-29.png"
      }
    },
    {
      "type": "Feature",
      "geometry": {
        "type": "Point",
        "coordinates": [
          -99.26399751,
          19.482293
        ]
      },
      "properties": {
        "name": "ROBO DE VEHICULO",
        "folder": "mapa info berni FEB.xlsx",
        "COLONIA": "CIUDAD BRISAS",
        "LATITUDE": "19.482293",
        "LONGITUDE": "-99.26399751",
        "ID": "37.0",
        "FUENTE": "ALERTA 06",
        "NIC": "202601140044",
        "NUC (NUMERO UNICO DE CARPETA)": "TLA/FRV/VRN/060/011818/26/01",
        "NUM MES": "1.0",
        "MES": "ENERO",
        "SEMANA": "SEM 02 (08 AL 14)",
        "DIA": "14.0",
        "DIA DE LA SEMANA": "MIERCOLES",
        "HORA DE LOS HECHOS": "3:00",
        "HORARIO": "3:00",
        "CALLE 1": "MAR DE LAS NUBES 82",
        "SECTOR": "14",
        "REGION": "NORTE",
        "IMPACTO": "ALTO",
        "SUBTIPO": "ROBO DE VEHICULO",
        "MODALIDAD": "SIN VIOLENCIA",
        "TIPO DE VEHICULO": "AUTOMOVIL",
        "MARCA": "MG",
        "SUB-MARCA": "MG5",
        "AÑO": "2022.0",
        "COLOR": "BLANCO",
        "SERIE": "LSJA36E62NZ193314",
        "NUMERO DE PLACAS": "L89BMT",
        "icon": "images/icon-29.png"
      }
    },
    {
      "type": "Feature",
      "geometry": {
        "type": "Point",
        "coordinates": [
          -99.21957,
          19.48492
        ]
      },
      "properties": {
        "name": "ROBO DE VEHICULO",
        "folder": "mapa info berni FEB.xlsx",
        "COLONIA": "LOS PASTORES",
        "LATITUDE": "19.48492",
        "LONGITUDE": "-99.21957",
        "ID": "38.0",
        "FUENTE": "ALERTA 06",
        "NIC": "202601140046",
        "NUC (NUMERO UNICO DE CARPETA)": "TLA/FRV/VRN/060/011793/26/01",
        "NUM MES": "1.0",
        "MES": "ENERO",
        "SEMANA": "SEM 02 (08 AL 14)",
        "DIA": "13.0",
        "DIA DE LA SEMANA": "MARTES",
        "HORA DE LOS HECHOS": "23:30",
        "HORARIO": "23:00",
        "CALLE 1": "LA AURORA 39",
        "SECTOR": "10",
        "REGION": "NORTE",
        "IMPACTO": "ALTO",
        "SUBTIPO": "ROBO DE VEHICULO",
        "MODALIDAD": "SIN VIOLENCIA",
        "TIPO DE VEHICULO": "AUTOMOVIL",
        "MARCA": "DODGE",
        "SUB-MARCA": "ATTITUDE GL 1.6",
        "AÑO": "2021.0",
        "COLOR": "GRIS",
        "SERIE": "ML3ABW6J3MH001767",
        "NUMERO DE PLACAS": "NZJ9307",
        "icon": "images/icon-29.png"
      }
    },
    {
      "type": "Feature",
      "geometry": {
        "type": "Point",
        "coordinates": [
          -99.22406658,
          19.49540284
        ]
      },
      "properties": {
        "name": "ROBO DE VEHICULO",
        "folder": "mapa info berni FEB.xlsx",
        "COLONIA": "COLON ECHEGARAY",
        "LATITUDE": "19.49540284",
        "LONGITUDE": "-99.22406658",
        "ID": "39.0",
        "FUENTE": "ALERTA 06",
        "NIC": "202601140048",
        "NUC (NUMERO UNICO DE CARPETA)": "PENDIENTE",
        "NUM MES": "1.0",
        "MES": "ENERO",
        "SEMANA": "SEM 02 (08 AL 14)",
        "DIA": "14.0",
        "DIA DE LA SEMANA": "MIERCOLES",
        "HORA DE LOS HECHOS": "0:01",
        "HORARIO": "0:00",
        "CALLE 1": "CRISTOBAL COLON Ext 17",
        "SECTOR": "10",
        "REGION": "NORTE",
        "IMPACTO": "ALTO",
        "SUBTIPO": "ROBO DE VEHICULO",
        "MODALIDAD": "SIN VIOLENCIA",
        "TIPO DE VEHICULO": "CAMIONETA",
        "MARCA": "HONDA",
        "SUB-MARCA": "HR-V",
        "AÑO": "2019.0",
        "COLOR": "BLANCO",
        "SERIE": "S/I",
        "NUMERO DE PLACAS": "LYN523B",
        "icon": "images/icon-29.png"
      }
    },
    {
      "type": "Feature",
      "geometry": {
        "type": "Point",
        "coordinates": [
          -99.26785483,
          19.4487132
        ]
      },
      "properties": {
        "name": "ROBO DE VEHICULO",
        "folder": "mapa info berni FEB.xlsx",
        "COLONIA": "VALLE DORADO (SAN RAFAEL CHAMAPA VI)",
        "LATITUDE": "19.4487132",
        "LONGITUDE": "-99.26785483",
        "ID": "40.0",
        "FUENTE": "ALERTA 06",
        "NIC": "202601140083",
        "NUC (NUMERO UNICO DE CARPETA)": "PENDIENTE",
        "NUM MES": "1.0",
        "MES": "ENERO",
        "SEMANA": "SEM 02 (08 AL 14)",
        "DIA": "13.0",
        "DIA DE LA SEMANA": "MARTES",
        "HORA DE LOS HECHOS": "22:00",
        "HORARIO": "22:00",
        "CALLE 1": "INDEPENDENCIA Ext 262",
        "SECTOR": "21",
        "REGION": "SUR",
        "IMPACTO": "ALTO",
        "SUBTIPO": "ROBO DE VEHICULO",
        "MODALIDAD": "SIN VIOLENCIA",
        "TIPO DE VEHICULO": "MOTOCICLETA",
        "MARCA": "VENTO",
        "SUB-MARCA": "ROCKETMAN 250",
        "AÑO": "2023.0",
        "COLOR": "GRIS",
        "SERIE": "3MUAEGBD7P1311726",
        "NUMERO DE PLACAS": "6010H1",
        "icon": "images/icon-29.png"
      }
    },
    {
      "type": "Feature",
      "geometry": {
        "type": "Point",
        "coordinates": [
          -99.27538,
          19.44206
        ]
      },
      "properties": {
        "name": "ROBO DE VEHICULO",
        "folder": "mapa info berni FEB.xlsx",
        "COLONIA": "SAN RAFAEL CHAMAPA 4ª SECCION",
        "LATITUDE": "19.44206",
        "LONGITUDE": "-99.27538",
        "ID": "41.0",
        "FUENTE": "ALERTA 06",
        "NIC": "202601140111",
        "NUC (NUMERO UNICO DE CARPETA)": "PENDIENTE",
        "NUM MES": "1.0",
        "MES": "ENERO",
        "SEMANA": "SEM 02 (08 AL 14)",
        "DIA": "13.0",
        "DIA DE LA SEMANA": "MARTES",
        "HORA DE LOS HECHOS": "20:00",
        "HORARIO": "20:00",
        "CALLE 1": "AND SIGMA SUR",
        "SECTOR": "21",
        "REGION": "SUR",
        "IMPACTO": "ALTO",
        "SUBTIPO": "ROBO DE VEHICULO",
        "MODALIDAD": "SIN VIOLENCIA",
        "TIPO DE VEHICULO": "MOTOCICLETA",
        "MARCA": "ITALIKA",
        "SUB-MARCA": "DM150",
        "AÑO": "2023.0",
        "COLOR": "GRIS",
        "SERIE": "3SCK4AKFXP1008556",
        "NUMERO DE PLACAS": "6137E9",
        "icon": "images/icon-29.png"
      }
    },
    {
      "type": "Feature",
      "geometry": {
        "type": "Point",
        "coordinates": [
          -99.23822071,
          19.49050944
        ]
      },
      "properties": {
        "name": "ROBO DE VEHICULO",
        "folder": "mapa info berni FEB.xlsx",
        "COLONIA": "BOSQUE DE ECHEGARAY SECCION ELECTRICISTAS",
        "LATITUDE": "19.49050944",
        "LONGITUDE": "-99.23822071",
        "ID": "42.0",
        "FUENTE": "ALERTA 06",
        "NIC": "202601140136",
        "NUC (NUMERO UNICO DE CARPETA)": "TLA/FRV/VRN/060/012609/26/01",
        "NUM MES": "1.0",
        "MES": "ENERO",
        "SEMANA": "SEM 02 (08 AL 14)",
        "DIA": "14.0",
        "DIA DE LA SEMANA": "MIERCOLES",
        "HORA DE LOS HECHOS": "18:20",
        "HORARIO": "18:00",
        "CALLE 1": "BADEN POWELL",
        "SECTOR": "8",
        "REGION": "NORTE",
        "IMPACTO": "ALTO",
        "SUBTIPO": "ROBO DE VEHICULO",
        "MODALIDAD": "SIN VIOLENCIA",
        "TIPO DE VEHICULO": "CAMIONETA",
        "MARCA": "HONDA",
        "SUB-MARCA": "ODYSSEY",
        "AÑO": "2024.0",
        "COLOR": "NEGRO",
        "SERIE": "5KBRL6800RB800562",
        "NUMERO DE PLACAS": "PVC392E",
        "icon": "images/icon-29.png"
      }
    },
    {
      "type": "Feature",
      "geometry": {
        "type": "Point",
        "coordinates": [
          -99.26750466,
          19.44759831
        ]
      },
      "properties": {
        "name": "ROBO DE VEHICULO",
        "folder": "mapa info berni FEB.xlsx",
        "COLONIA": "VALLE DORADO (SAN RAFAEL CHAMAPA VI)",
        "LATITUDE": "19.44759831",
        "LONGITUDE": "-99.26750466",
        "ID": "43.0",
        "FUENTE": "ALERTA 06",
        "NIC": "202601150067",
        "NUC (NUMERO UNICO DE CARPETA)": "PENDIENTE",
        "NUM MES": "1.0",
        "MES": "ENERO",
        "SEMANA": "SEM 03 (15 AL 21)",
        "DIA": "14.0",
        "DIA DE LA SEMANA": "MIERCOLES",
        "HORA DE LOS HECHOS": "23:00",
        "HORARIO": "23:00",
        "CALLE 1": "CONSTITUYENTES Ext 31",
        "SECTOR": "21",
        "REGION": "SUR",
        "IMPACTO": "ALTO",
        "SUBTIPO": "ROBO DE VEHICULO",
        "MODALIDAD": "SIN VIOLENCIA",
        "TIPO DE VEHICULO": "MOTOCICLETA",
        "MARCA": "VENTO",
        "SUB-MARCA": "FALKON",
        "AÑO": "2025.0",
        "COLOR": "BLANCO",
        "SERIE": "3MUA2LBD1S1017099",
        "NUMERO DE PLACAS": "S/P",
        "icon": "images/icon-29.png"
      }
    },
    {
      "type": "Feature",
      "geometry": {
        "type": "Point",
        "coordinates": [
          -99.27920469,
          19.45409011
        ]
      },
      "properties": {
        "name": "ROBO DE VEHICULO",
        "folder": "mapa info berni FEB.xlsx",
        "COLONIA": "LOS CUARTOS (SAN RAFAEL CHAMAPA I)",
        "LATITUDE": "19.45409011",
        "LONGITUDE": "-99.27920469",
        "ID": "44.0",
        "FUENTE": "ALERTA 06",
        "NIC": "202601160028",
        "NUC (NUMERO UNICO DE CARPETA)": "PENDIENTE",
        "NUM MES": "1.0",
        "MES": "ENERO",
        "SEMANA": "SEM 03 (15 AL 21)",
        "DIA": "15.0",
        "DIA DE LA SEMANA": "JUEVES",
        "HORA DE LOS HECHOS": "19:00",
        "HORARIO": "19:00",
        "CALLE 1": "SAUCE Ext MZ 4 LTE8",
        "SECTOR": "31",
        "REGION": "SUR",
        "IMPACTO": "ALTO",
        "SUBTIPO": "ROBO DE VEHICULO",
        "MODALIDAD": "SIN VIOLENCIA",
        "TIPO DE VEHICULO": "MOTOCICLETA",
        "MARCA": "ITALIKA",
        "SUB-MARCA": "FL125",
        "AÑO": "2026.0",
        "COLOR": "BLANCO",
        "SERIE": "3SCK24EA3T1002373",
        "NUMERO DE PLACAS": "8693P5",
        "icon": "images/icon-29.png"
      }
    },
    {
      "type": "Feature",
      "geometry": {
        "type": "Point",
        "coordinates": [
          -99.2486776,
          19.50396219
        ]
      },
      "properties": {
        "name": "ROBO DE VEHICULO",
        "folder": "mapa info berni FEB.xlsx",
        "COLONIA": "CIUDAD SATELITE",
        "LATITUDE": "19.50396219",
        "LONGITUDE": "-99.2486776",
        "ID": "45.0",
        "FUENTE": "ALERTA 06",
        "NIC": "202601160102",
        "NUC (NUMERO UNICO DE CARPETA)": "TLA/FRV/VRN/060/014741/26/01",
        "NUM MES": "1.0",
        "MES": "ENERO",
        "SEMANA": "SEM 03 (15 AL 21)",
        "DIA": "16.0",
        "DIA DE LA SEMANA": "VIERNES",
        "HORA DE LOS HECHOS": "19:30",
        "HORARIO": "19:00",
        "CALLE 1": "CIRCUNVALACION",
        "SECTOR": "27",
        "REGION": "SUR",
        "IMPACTO": "ALTO",
        "SUBTIPO": "ROBO DE VEHICULO",
        "MODALIDAD": "SIN VIOLENCIA",
        "TIPO DE VEHICULO": "CAMIONETA",
        "MARCA": "HONDA",
        "SUB-MARCA": "CR-V",
        "AÑO": "2021.0",
        "COLOR": "BLANCO",
        "SERIE": "1HGRW1892ML900984",
        "NUMERO DE PLACAS": "RDR783C",
        "icon": "images/icon-29.png"
      }
    },
    {
      "type": "Feature",
      "geometry": {
        "type": "Point",
        "coordinates": [
          -99.22054425,
          19.44856459
        ]
      },
      "properties": {
        "name": "ROBO DE VEHICULO",
        "folder": "mapa info berni FEB.xlsx",
        "COLONIA": "LOMAS DE SOTELO",
        "LATITUDE": "19.44856459",
        "LONGITUDE": "-99.22054425",
        "ID": "46.0",
        "FUENTE": "ALERTA 06",
        "NIC": "202601170029",
        "NUC (NUMERO UNICO DE CARPETA)": "PENDIENTE",
        "NUM MES": "1.0",
        "MES": "ENERO",
        "SEMANA": "SEM 03 (15 AL 21)",
        "DIA": "16.0",
        "DIA DE LA SEMANA": "VIERNES",
        "HORA DE LOS HECHOS": "22:00",
        "HORARIO": "22:00",
        "CALLE 1": "BOULEVARD MANUEL AVILA CAMACHO",
        "SECTOR": "11",
        "REGION": "SUR",
        "IMPACTO": "ALTO",
        "SUBTIPO": "ROBO DE VEHICULO",
        "MODALIDAD": "SIN VIOLENCIA",
        "TIPO DE VEHICULO": "MOTOCICLETA",
        "MARCA": "ITALIKA",
        "SUB-MARCA": "250Z",
        "AÑO": "2025.0",
        "COLOR": "GRIS",
        "SERIE": "3SCK5FLD7S1043801",
        "NUMERO DE PLACAS": "6A2548",
        "icon": "images/icon-29.png"
      }
    },
    {
      "type": "Feature",
      "geometry": {
        "type": "Point",
        "coordinates": [
          -99.2568,
          19.48898
        ]
      },
      "properties": {
        "name": "ROBO DE VEHICULO",
        "folder": "mapa info berni FEB.xlsx",
        "COLONIA": "JARDINES DE SAN MATEO",
        "LATITUDE": "19.48898",
        "LONGITUDE": "-99.2568",
        "ID": "47.0",
        "FUENTE": "ALERTA 06",
        "NIC": "202601170077",
        "NUC (NUMERO UNICO DE CARPETA)": "TLA/FRV/VRN/060/015382/26/01",
        "NUM MES": "1.0",
        "MES": "ENERO",
        "SEMANA": "SEM 03 (15 AL 21)",
        "DIA": "17.0",
        "DIA DE LA SEMANA": "SABADO",
        "HORA DE LOS HECHOS": "18:30",
        "HORARIO": "18:00",
        "CALLE 1": "AV DE LOS CIPRESES",
        "SECTOR": "7",
        "REGION": "NORTE",
        "IMPACTO": "ALTO",
        "SUBTIPO": "ROBO DE VEHICULO",
        "MODALIDAD": "SIN VIOLENCIA",
        "TIPO DE VEHICULO": "AUTOMOVIL",
        "MARCA": "NISSAN",
        "SUB-MARCA": "TSURU",
        "AÑO": "1998.0",
        "COLOR": "AZUL",
        "SERIE": "3N1EB31S3WL067739",
        "NUMERO DE PLACAS": "LXW732B",
        "icon": "images/icon-29.png"
      }
    },
    {
      "type": "Feature",
      "geometry": {
        "type": "Point",
        "coordinates": [
          -99.2339035,
          19.465696
        ]
      },
      "properties": {
        "name": "ROBO DE VEHICULO",
        "folder": "mapa info berni FEB.xlsx",
        "COLONIA": "SAN ANDRES ATOTO",
        "LATITUDE": "19.465696",
        "LONGITUDE": "-99.2339035",
        "ID": "48.0",
        "FUENTE": "TEL, SC Y 06",
        "NIC": "202601170078",
        "NUC (NUMERO UNICO DE CARPETA)": "TLA/FRV/VRN/060/015417/26/01",
        "NUM MES": "1.0",
        "MES": "ENERO",
        "SEMANA": "SEM 03 (15 AL 21)",
        "DIA": "17.0",
        "DIA DE LA SEMANA": "SABADO",
        "HORA DE LOS HECHOS": "17:15",
        "HORARIO": "17:00",
        "CALLE 1": "PRIMERO DE MAYO",
        "SECTOR": "5",
        "REGION": "SUR",
        "IMPACTO": "ALTO",
        "SUBTIPO": "ROBO DE VEHICULO",
        "MODALIDAD": "SIN VIOLENCIA",
        "TIPO DE VEHICULO": "CAMIONETA",
        "MARCA": "CHRYSLER",
        "SUB-MARCA": "CARAVAN",
        "AÑO": "1996.0",
        "COLOR": "ROJO",
        "SERIE": "2B4FP2538TR594378",
        "NUMERO DE PLACAS": "MER522B",
        "icon": "images/icon-29.png"
      }
    },
    {
      "type": "Feature",
      "geometry": {
        "type": "Point",
        "coordinates": [
          -99.2811529,
          19.4625597
        ]
      },
      "properties": {
        "name": "ROBO DE VEHICULO",
        "folder": "mapa info berni FEB.xlsx",
        "COLONIA": "LAS HUERTAS 2ª SECCION",
        "LATITUDE": "19.4625597",
        "LONGITUDE": "-99.2811529",
        "ID": "49.0",
        "FUENTE": "ALERTA 06",
        "NIC": "202601180025",
        "NUC (NUMERO UNICO DE CARPETA)": "TLA/FRV/VRN/060/015627/26/01",
        "NUM MES": "1.0",
        "MES": "ENERO",
        "SEMANA": "SEM 03 (15 AL 21)",
        "DIA": "17.0",
        "DIA DE LA SEMANA": "SABADO",
        "HORA DE LOS HECHOS": "22:00",
        "HORARIO": "22:00",
        "CALLE 1": "AV PALMAS",
        "SECTOR": "23",
        "REGION": "SUR",
        "IMPACTO": "ALTO",
        "SUBTIPO": "ROBO DE VEHICULO",
        "MODALIDAD": "SIN VIOLENCIA",
        "TIPO DE VEHICULO": "MOTOCICLETA",
        "MARCA": "ITALIKA",
        "SUB-MARCA": "DM200",
        "AÑO": "2023.0",
        "COLOR": "VERDE",
        "SERIE": "3SCK4EKHXP1008727",
        "NUMERO DE PLACAS": "8185F4",
        "icon": "images/icon-29.png"
      }
    },
    {
      "type": "Feature",
      "geometry": {
        "type": "Point",
        "coordinates": [
          -99.23953,
          19.46055
        ]
      },
      "properties": {
        "name": "ROBO DE VEHICULO",
        "folder": "mapa info berni FEB.xlsx",
        "COLONIA": "JARDINES DEL MOLINITO",
        "LATITUDE": "19.46055",
        "LONGITUDE": "-99.23953",
        "ID": "50.0",
        "FUENTE": "ALERTA 06",
        "NIC": "202601180027",
        "NUC (NUMERO UNICO DE CARPETA)": "PENDIENTE",
        "NUM MES": "1.0",
        "MES": "ENERO",
        "SEMANA": "SEM 03 (15 AL 21)",
        "DIA": "18.0",
        "DIA DE LA SEMANA": "DOMINGO",
        "HORA DE LOS HECHOS": "1:00",
        "HORARIO": "1:00",
        "CALLE 1": "CIRCUITO MARGARITAS OESTE  # 45",
        "SECTOR": "5",
        "REGION": "SUR",
        "IMPACTO": "ALTO",
        "SUBTIPO": "ROBO DE VEHICULO",
        "MODALIDAD": "SIN VIOLENCIA",
        "TIPO DE VEHICULO": "MOTOCICLETA",
        "MARCA": "ITALIKA",
        "SUB-MARCA": "FL 125",
        "AÑO": "2025.0",
        "COLOR": "BLANCO",
        "SERIE": "3SCK29EAXS1001023",
        "NUMERO DE PLACAS": "2736M8",
        "icon": "images/icon-29.png"
      }
    },
    {
      "type": "Feature",
      "geometry": {
        "type": "Point",
        "coordinates": [
          -99.27669329,
          19.49864577
        ]
      },
      "properties": {
        "name": "ROBO DE VEHICULO",
        "folder": "mapa info berni FEB.xlsx",
        "COLONIA": "LA PALMA",
        "LATITUDE": "19.49864577",
        "LONGITUDE": "-99.27669329",
        "ID": "51.0",
        "FUENTE": "ALERTA 06",
        "NIC": "202601180031",
        "NUC (NUMERO UNICO DE CARPETA)": "TLA/FRV/VRN/060/015664/26/01",
        "NUM MES": "1.0",
        "MES": "ENERO",
        "SEMANA": "SEM 03 (15 AL 21)",
        "DIA": "17.0",
        "DIA DE LA SEMANA": "SABADO",
        "HORA DE LOS HECHOS": "20:10",
        "HORARIO": "20:00",
        "CALLE 1": "DEL RIO",
        "SECTOR": "15",
        "REGION": "NORTE",
        "IMPACTO": "ALTO",
        "SUBTIPO": "ROBO DE VEHICULO",
        "MODALIDAD": "SIN VIOLENCIA",
        "TIPO DE VEHICULO": "AUTOMOVIL",
        "MARCA": "CHEVROLET",
        "SUB-MARCA": "BEAT",
        "AÑO": "2020.0",
        "COLOR": "BLANCO",
        "SERIE": "MA6CA6CD9LT018379",
        "NUMERO DE PLACAS": "MXS311C",
        "icon": "images/icon-29.png"
      }
    },
    {
      "type": "Feature",
      "geometry": {
        "type": "Point",
        "coordinates": [
          -99.25080718,
          19.45312422
        ]
      },
      "properties": {
        "name": "ROBO DE VEHICULO",
        "folder": "mapa info berni FEB.xlsx",
        "COLONIA": "ALTAMIRA",
        "LATITUDE": "19.45312422",
        "LONGITUDE": "-99.25080718",
        "ID": "52.0",
        "FUENTE": "ALERTA 06",
        "NIC": "202601190034",
        "NUC (NUMERO UNICO DE CARPETA)": "TLA/FRV/VRN/060/016507/26/01",
        "NUM MES": "1.0",
        "MES": "ENERO",
        "SEMANA": "SEM 03 (15 AL 21)",
        "DIA": "18.0",
        "DIA DE LA SEMANA": "DOMINGO",
        "HORA DE LOS HECHOS": "22:00",
        "HORARIO": "22:00",
        "CALLE 1": "AV ALTAMIRA EXT 98",
        "SECTOR": "12",
        "REGION": "SUR",
        "IMPACTO": "ALTO",
        "SUBTIPO": "ROBO DE VEHICULO",
        "MODALIDAD": "SIN VIOLENCIA",
        "TIPO DE VEHICULO": "MOTOCICLETA",
        "MARCA": "ITALIKA",
        "SUB-MARCA": "125Z",
        "AÑO": "2020.0",
        "COLOR": "ROJO",
        "SERIE": "LLCLM1CG3LE107723",
        "NUMERO DE PLACAS": "0762L2",
        "icon": "images/icon-29.png"
      }
    },
    {
      "type": "Feature",
      "geometry": {
        "type": "Point",
        "coordinates": [
          -99.25659711,
          19.46207514
        ]
      },
      "properties": {
        "name": "ROBO DE VEHICULO",
        "folder": "mapa info berni FEB.xlsx",
        "COLONIA": "LOMAS DE SAN AGUSTIN",
        "LATITUDE": "19.46207514",
        "LONGITUDE": "-99.25659711",
        "ID": "53.0",
        "FUENTE": "ALERTA 06",
        "NIC": "202601190100",
        "NUC (NUMERO UNICO DE CARPETA)": "PENDIENTE",
        "NUM MES": "1.0",
        "MES": "ENERO",
        "SEMANA": "SEM 03 (15 AL 21)",
        "DIA": "19.0",
        "DIA DE LA SEMANA": "LUNES",
        "HORA DE LOS HECHOS": "13:00",
        "HORARIO": "13:00",
        "CALLE 1": "SAN ANTONIO",
        "SECTOR": "31",
        "REGION": "SUR",
        "IMPACTO": "ALTO",
        "SUBTIPO": "ROBO DE VEHICULO",
        "MODALIDAD": "SIN VIOLENCIA",
        "TIPO DE VEHICULO": "MOTOCICLETA",
        "MARCA": "ITALIKA",
        "SUB-MARCA": "DM200",
        "AÑO": "2024.0",
        "COLOR": "VERDE",
        "SERIE": "3SCK4EKH1R1009283",
        "NUMERO DE PLACAS": "S/P",
        "icon": "images/icon-29.png"
      }
    },
    {
      "type": "Feature",
      "geometry": {
        "type": "Point",
        "coordinates": [
          -99.23168105,
          19.46222736
        ]
      },
      "properties": {
        "name": "ROBO DE VEHICULO",
        "folder": "mapa info berni FEB.xlsx",
        "COLONIA": "AMPLIACION SAN ESTEBAN",
        "LATITUDE": "19.46222736",
        "LONGITUDE": "-99.23168105",
        "ID": "54.0",
        "FUENTE": "ALERTA 06",
        "NIC": "202601190101",
        "NUC (NUMERO UNICO DE CARPETA)": "PENDIENTE",
        "NUM MES": "1.0",
        "MES": "ENERO",
        "SEMANA": "SEM 03 (15 AL 21)",
        "DIA": "19.0",
        "DIA DE LA SEMANA": "LUNES",
        "HORA DE LOS HECHOS": "19:30",
        "HORARIO": "19:00",
        "CALLE 1": "C SAN ANDRES ATOTO",
        "SECTOR": "5",
        "REGION": "SUR",
        "IMPACTO": "ALTO",
        "SUBTIPO": "ROBO DE VEHICULO",
        "MODALIDAD": "SIN VIOLENCIA",
        "TIPO DE VEHICULO": "MOTOCICLETA",
        "MARCA": "ITALIKA",
        "SUB-MARCA": "250Z",
        "AÑO": "2023.0",
        "COLOR": "NEGRO",
        "SERIE": "3SCK5FLD4P1019110",
        "NUMERO DE PLACAS": "6544E9",
        "icon": "images/icon-29.png"
      }
    },
    {
      "type": "Feature",
      "geometry": {
        "type": "Point",
        "coordinates": [
          -99.25577071,
          19.43975353
        ]
      },
      "properties": {
        "name": "ROBO DE VEHICULO",
        "folder": "mapa info berni FEB.xlsx",
        "COLONIA": "BENITO JUAREZ",
        "LATITUDE": "19.43975353",
        "LONGITUDE": "-99.25577071",
        "ID": "55.0",
        "FUENTE": "ALERTA 06",
        "NIC": "202601200045",
        "NUC (NUMERO UNICO DE CARPETA)": "TLA/FRV/VRN/060/017186/26/01",
        "NUM MES": "1.0",
        "MES": "ENERO",
        "SEMANA": "SEM 03 (15 AL 21)",
        "DIA": "20.0",
        "DIA DE LA SEMANA": "MARTES",
        "HORA DE LOS HECHOS": "2:00",
        "HORARIO": "2:00",
        "CALLE 1": "SIERRA BELLA",
        "SECTOR": "20",
        "REGION": "SUR",
        "IMPACTO": "ALTO",
        "SUBTIPO": "ROBO DE VEHICULO",
        "MODALIDAD": "SIN VIOLENCIA",
        "TIPO DE VEHICULO": "MOTOCICLETA",
        "MARCA": "VENTO",
        "SUB-MARCA": "ROCKETMAN 300",
        "AÑO": "2024.0",
        "COLOR": "GRIS",
        "SERIE": "3MUAEKCD7R1313190",
        "NUMERO DE PLACAS": "S/P",
        "icon": "images/icon-29.png"
      }
    },
    {
      "type": "Feature",
      "geometry": {
        "type": "Point",
        "coordinates": [
          -99.24877064,
          19.46984402
        ]
      },
      "properties": {
        "name": "ROBO DE VEHICULO",
        "folder": "mapa info berni FEB.xlsx",
        "COLONIA": "CIUDAD DE LOS NIÑOS",
        "LATITUDE": "19.46984402",
        "LONGITUDE": "-99.24877064",
        "ID": "56.0",
        "FUENTE": "ALERTA 06",
        "NIC": "202601210061",
        "NUC (NUMERO UNICO DE CARPETA)": "PENDIENTE",
        "NUM MES": "1.0",
        "MES": "ENERO",
        "SEMANA": "SEM 02 (08 AL 14)",
        "DIA": "10.0",
        "DIA DE LA SEMANA": "SABADO",
        "HORA DE LOS HECHOS": "22:00",
        "HORARIO": "22:00",
        "CALLE 1": "16 DE SEPTIEMBRE",
        "SECTOR": "6",
        "REGION": "SUR",
        "IMPACTO": "ALTO",
        "SUBTIPO": "ROBO DE VEHICULO",
        "MODALIDAD": "SIN VIOLENCIA",
        "TIPO DE VEHICULO": "MOTOCICLETA",
        "MARCA": "ITALIKA",
        "SUB-MARCA": "DS150",
        "AÑO": "2025.0",
        "COLOR": "NEGRO",
        "SERIE": "3SCK1AAF8S1038383",
        "NUMERO DE PLACAS": "S/P",
        "icon": "images/icon-29.png"
      }
    },
    {
      "type": "Feature",
      "geometry": {
        "type": "Point",
        "coordinates": [
          -99.23607165,
          19.45839024
        ]
      },
      "properties": {
        "name": "ROBO DE VEHICULO",
        "folder": "mapa info berni FEB.xlsx",
        "COLONIA": "EL MOLINITO",
        "LATITUDE": "19.45839024",
        "LONGITUDE": "-99.23607165",
        "ID": "57.0",
        "FUENTE": "ALERTA 06",
        "NIC": "202601210077",
        "NUC (NUMERO UNICO DE CARPETA)": "PENDIENTE",
        "NUM MES": "1.0",
        "MES": "ENERO",
        "SEMANA": "SEM 03 (15 AL 21)",
        "DIA": "17.0",
        "DIA DE LA SEMANA": "SABADO",
        "HORA DE LOS HECHOS": "2:00",
        "HORARIO": "2:00",
        "CALLE 1": "AV CENTENARIO",
        "SECTOR": "5",
        "REGION": "SUR",
        "IMPACTO": "ALTO",
        "SUBTIPO": "ROBO DE VEHICULO",
        "MODALIDAD": "SIN VIOLENCIA",
        "TIPO DE VEHICULO": "MOTOCICLETA",
        "MARCA": "ITALIKA",
        "SUB-MARCA": "Z200",
        "AÑO": "2025.0",
        "COLOR": "AZUL",
        "SERIE": "3SCK5ELCXS1007313",
        "NUMERO DE PLACAS": "45KPY9",
        "icon": "images/icon-29.png"
      }
    },
    {
      "type": "Feature",
      "geometry": {
        "type": "Point",
        "coordinates": [
          -99.29495421,
          19.44865493
        ]
      },
      "properties": {
        "name": "ROBO DE VEHICULO",
        "folder": "mapa info berni FEB.xlsx",
        "COLONIA": "TRES DE MAYO",
        "LATITUDE": "19.44865493",
        "LONGITUDE": "-99.29495421",
        "ID": "58.0",
        "FUENTE": "ALERTA 06",
        "NIC": "202601220032",
        "NUC (NUMERO UNICO DE CARPETA)": "PENDIENTE",
        "NUM MES": "1.0",
        "MES": "ENERO",
        "SEMANA": "SEM 03 (15 AL 21)",
        "DIA": "21.0",
        "DIA DE LA SEMANA": "MIERCOLES",
        "HORA DE LOS HECHOS": "22:00",
        "HORARIO": "22:00",
        "CALLE 1": "AV. COLIBRI # 11",
        "SECTOR": "31",
        "REGION": "SUR",
        "IMPACTO": "ALTO",
        "SUBTIPO": "ROBO DE VEHICULO",
        "MODALIDAD": "SIN VIOLENCIA",
        "TIPO DE VEHICULO": "AUTOMOVIL",
        "MARCA": "CHEVROLET",
        "SUB-MARCA": "BEAT",
        "AÑO": "2018.0",
        "COLOR": "GRIS",
        "SERIE": "MA6CA5CD3JT051109",
        "NUMERO DE PLACAS": "NSY213A",
        "icon": "images/icon-29.png"
      }
    },
    {
      "type": "Feature",
      "geometry": {
        "type": "Point",
        "coordinates": [
          -99.2683253,
          19.43426011
        ]
      },
      "properties": {
        "name": "ROBO DE VEHICULO",
        "folder": "mapa info berni FEB.xlsx",
        "COLONIA": "LA MANCHA I",
        "LATITUDE": "19.43426011",
        "LONGITUDE": "-99.2683253",
        "ID": "59.0",
        "FUENTE": "ALERTA 06",
        "NIC": "202601220042",
        "NUC (NUMERO UNICO DE CARPETA)": "PENDIENTE",
        "NUM MES": "1.0",
        "MES": "ENERO",
        "SEMANA": "SEM 03 (15 AL 21)",
        "DIA": "21.0",
        "DIA DE LA SEMANA": "MIERCOLES",
        "HORA DE LOS HECHOS": "22:00",
        "HORARIO": "22:00",
        "CALLE 1": "SIERRA MORENA",
        "SECTOR": "20",
        "REGION": "SUR",
        "IMPACTO": "ALTO",
        "SUBTIPO": "ROBO DE VEHICULO",
        "MODALIDAD": "SIN VIOLENCIA",
        "TIPO DE VEHICULO": "MOTOCICLETA",
        "MARCA": "CFMOTO",
        "SUB-MARCA": "NK250",
        "AÑO": "2025.0",
        "COLOR": "ROJO",
        "SERIE": "LCEPDNLB4S6001021",
        "NUMERO DE PLACAS": "2860R7",
        "icon": "images/icon-29.png"
      }
    },
    {
      "type": "Feature",
      "geometry": {
        "type": "Point",
        "coordinates": [
          -99.23063771,
          19.51475325
        ]
      },
      "properties": {
        "name": "ROBO DE VEHICULO",
        "folder": "mapa info berni FEB.xlsx",
        "COLONIA": "CIUDAD SATELITE",
        "LATITUDE": "19.51475325",
        "LONGITUDE": "-99.23063771",
        "ID": "60.0",
        "FUENTE": "ALERTA 06",
        "NIC": "202601220045",
        "NUC (NUMERO UNICO DE CARPETA)": "PENDIENTE",
        "NUM MES": "1.0",
        "MES": "ENERO",
        "SEMANA": "SEM 04 (22 AL 28)",
        "DIA": "22.0",
        "DIA DE LA SEMANA": "JUEVES",
        "HORA DE LOS HECHOS": "12:30",
        "HORARIO": "12:00",
        "CALLE 1": "CIRCUITO CIENTIFICOS",
        "SECTOR": "18",
        "REGION": "NORTE",
        "IMPACTO": "ALTO",
        "SUBTIPO": "ROBO DE VEHICULO",
        "MODALIDAD": "SIN VIOLENCIA",
        "TIPO DE VEHICULO": "MOTOCICLETA",
        "MARCA": "BAJAJ",
        "SUB-MARCA": "DOMINAR 400",
        "AÑO": "2022.0",
        "COLOR": "NEGRO",
        "SERIE": "MD2A67MXXNCM88506",
        "NUMERO DE PLACAS": "9385E9",
        "icon": "images/icon-29.png"
      }
    },
    {
      "type": "Feature",
      "geometry": {
        "type": "Point",
        "coordinates": [
          -99.22114654,
          19.45190729
        ]
      },
      "properties": {
        "name": "ROBO DE VEHICULO",
        "folder": "mapa info berni FEB.xlsx",
        "COLONIA": "EL PARQUE",
        "LATITUDE": "19.45190729",
        "LONGITUDE": "-99.22114654",
        "ID": "61.0",
        "FUENTE": "ALERTA 06",
        "NIC": "202601220056",
        "NUC (NUMERO UNICO DE CARPETA)": "PENDIENTE",
        "NUM MES": "1.0",
        "MES": "ENERO",
        "SEMANA": "SEM 03 (15 AL 21)",
        "DIA": "21.0",
        "DIA DE LA SEMANA": "MIERCOLES",
        "HORA DE LOS HECHOS": "20:00",
        "HORARIO": "20:00",
        "CALLE 1": "INGENIEROS ZAPADORES",
        "SECTOR": "5",
        "REGION": "SUR",
        "IMPACTO": "ALTO",
        "SUBTIPO": "ROBO DE VEHICULO",
        "MODALIDAD": "SIN VIOLENCIA",
        "TIPO DE VEHICULO": "MOTOCICLETA",
        "MARCA": "ITALIKA",
        "SUB-MARCA": "250Z",
        "AÑO": "2024.0",
        "COLOR": "NEGRO",
        "SERIE": "LLCK5FLD2RA105196",
        "NUMERO DE PLACAS": "14KME3",
        "icon": "images/icon-29.png"
      }
    },
    {
      "type": "Feature",
      "geometry": {
        "type": "Point",
        "coordinates": [
          -99.2463786,
          19.45128696
        ]
      },
      "properties": {
        "name": "ROBO DE VEHICULO",
        "folder": "mapa info berni FEB.xlsx",
        "COLONIA": "SAN ANTONIO ZOMEYUCAN",
        "LATITUDE": "19.45128696",
        "LONGITUDE": "-99.2463786",
        "ID": "62.0",
        "FUENTE": "TEL Y SC",
        "NIC": "S/I",
        "NUC (NUMERO UNICO DE CARPETA)": "SIN CARPETA",
        "NUM MES": "1.0",
        "MES": "ENERO",
        "SEMANA": "SEM 04 (22 AL 28)",
        "DIA": "22.0",
        "DIA DE LA SEMANA": "JUEVES",
        "HORA DE LOS HECHOS": "23:00",
        "HORARIO": "23:00",
        "CALLE 1": "ESTRELLA 14",
        "SECTOR": "5",
        "REGION": "SUR",
        "IMPACTO": "ALTO",
        "SUBTIPO": "ROBO DE VEHICULO",
        "MODALIDAD": "SIN VIOLENCIA",
        "TIPO DE VEHICULO": "MOTOCICLETA",
        "MARCA": "ITALIKA",
        "SUB-MARCA": "MOTONETA",
        "AÑO": "2020.0",
        "COLOR": "BLANCO",
        "SERIE": "3SCTWSEA5L1031712",
        "NUMERO DE PLACAS": "62BXD4",
        "icon": "images/icon-29.png"
      }
    },
    {
      "type": "Feature",
      "geometry": {
        "type": "Point",
        "coordinates": [
          -99.23892195,
          19.47506946
        ]
      },
      "properties": {
        "name": "ROBO DE VEHICULO",
        "folder": "mapa info berni FEB.xlsx",
        "COLONIA": "LAS AMERICAS",
        "LATITUDE": "19.47506946",
        "LONGITUDE": "-99.23892195",
        "ID": "63.0",
        "FUENTE": "ALERTA 06",
        "NIC": "202601230020",
        "NUC (NUMERO UNICO DE CARPETA)": "TLA/FRV/VRN/060/020691/26/01",
        "NUM MES": "1.0",
        "MES": "ENERO",
        "SEMANA": "SEM 04 (22 AL 28)",
        "DIA": "22.0",
        "DIA DE LA SEMANA": "JUEVES",
        "HORA DE LOS HECHOS": "23:00",
        "HORARIO": "23:00",
        "CALLE 1": "SEGUNDA DE CAJAMARCA",
        "SECTOR": "2",
        "REGION": "NORTE",
        "IMPACTO": "ALTO",
        "SUBTIPO": "ROBO DE VEHICULO",
        "MODALIDAD": "SIN VIOLENCIA",
        "TIPO DE VEHICULO": "AUTOMOVIL",
        "MARCA": "NISSAN",
        "SUB-MARCA": "VERSA",
        "AÑO": "2025.0",
        "COLOR": "BLANCO",
        "SERIE": "3N1CN8AE0SK620689",
        "NUMERO DE PLACAS": "MAN853C",
        "icon": "images/icon-29.png"
      }
    },
    {
      "type": "Feature",
      "geometry": {
        "type": "Point",
        "coordinates": [
          -99.21688,
          19.49283
        ]
      },
      "properties": {
        "name": "ROBO DE VEHICULO",
        "folder": "mapa info berni FEB.xlsx",
        "COLONIA": "DIEZ DE ABRIL",
        "LATITUDE": "19.49283",
        "LONGITUDE": "-99.21688",
        "ID": "64.0",
        "FUENTE": "TEL, SC Y 06",
        "NIC": "202601230040",
        "NUC (NUMERO UNICO DE CARPETA)": "PENDIENTE",
        "NUM MES": "1.0",
        "MES": "ENERO",
        "SEMANA": "SEM 04 (22 AL 28)",
        "DIA": "23.0",
        "DIA DE LA SEMANA": "VIERNES",
        "HORA DE LOS HECHOS": "1:00",
        "HORARIO": "1:00",
        "CALLE 1": "MIGUEL ANGEL MANCILLA",
        "SECTOR": "10",
        "REGION": "NORTE",
        "IMPACTO": "ALTO",
        "SUBTIPO": "ROBO DE VEHICULO",
        "MODALIDAD": "SIN VIOLENCIA",
        "TIPO DE VEHICULO": "CAMIONETA",
        "MARCA": "MG",
        "SUB-MARCA": "EHS",
        "AÑO": "2024.0",
        "COLOR": "ROJO",
        "SERIE": "LSJA24393RN011749",
        "NUMERO DE PLACAS": "44J618",
        "icon": "images/icon-29.png"
      }
    },
    {
      "type": "Feature",
      "geometry": {
        "type": "Point",
        "coordinates": [
          -99.25566,
          19.51686
        ]
      },
      "properties": {
        "name": "ROBO DE VEHICULO",
        "folder": "mapa info berni FEB.xlsx",
        "COLONIA": "LOMAS VERDES 3ª SECCION",
        "LATITUDE": "19.51686",
        "LONGITUDE": "-99.25566",
        "ID": "65.0",
        "FUENTE": "ALERTA 06",
        "NIC": "202601230043",
        "NUC (NUMERO UNICO DE CARPETA)": "TLA/FRV/VRN/060/021768/26/01",
        "NUM MES": "1.0",
        "MES": "ENERO",
        "SEMANA": "SEM 04 (22 AL 28)",
        "DIA": "22.0",
        "DIA DE LA SEMANA": "JUEVES",
        "HORA DE LOS HECHOS": "22:30",
        "HORARIO": "22:00",
        "CALLE 1": "PASEO DE TULLERIAS",
        "SECTOR": "16",
        "REGION": "NORTE",
        "IMPACTO": "ALTO",
        "SUBTIPO": "ROBO DE VEHICULO",
        "MODALIDAD": "SIN VIOLENCIA",
        "TIPO DE VEHICULO": "AUTOMOVIL",
        "MARCA": "DODGE",
        "SUB-MARCA": "ATTITUDE",
        "AÑO": "2023.0",
        "COLOR": "BLANCO",
        "SERIE": "ML3ABT6J1PH006145",
        "NUMERO DE PLACAS": "V10BLX",
        "icon": "images/icon-29.png"
      }
    },
    {
      "type": "Feature",
      "geometry": {
        "type": "Point",
        "coordinates": [
          -99.23833892,
          19.45925382
        ]
      },
      "properties": {
        "name": "ROBO DE VEHICULO",
        "folder": "mapa info berni FEB.xlsx",
        "COLONIA": "SAN ANTONIO ZOMEYUCAN",
        "LATITUDE": "19.45925382",
        "LONGITUDE": "-99.23833892",
        "ID": "66.0",
        "FUENTE": "ALERTA 06",
        "NIC": "202601230063",
        "NUC (NUMERO UNICO DE CARPETA)": "TLA/FRV/VRN/060/021454/26/01",
        "NUM MES": "1.0",
        "MES": "ENERO",
        "SEMANA": "SEM 04 (22 AL 28)",
        "DIA": "22.0",
        "DIA DE LA SEMANA": "JUEVES",
        "HORA DE LOS HECHOS": "21:00",
        "HORARIO": "21:00",
        "CALLE 1": "AV RIO VERDE",
        "SECTOR": "5",
        "REGION": "SUR",
        "IMPACTO": "ALTO",
        "SUBTIPO": "ROBO DE VEHICULO",
        "MODALIDAD": "SIN VIOLENCIA",
        "TIPO DE VEHICULO": "MOTOCICLETA",
        "MARCA": "ITALIKA",
        "SUB-MARCA": "DM200",
        "AÑO": "2025.0",
        "COLOR": "NEGRO",
        "SERIE": "3SCK4EKH4S1015374",
        "NUMERO DE PLACAS": "5624K6",
        "icon": "images/icon-29.png"
      }
    },
    {
      "type": "Feature",
      "geometry": {
        "type": "Point",
        "coordinates": [
          -99.22172,
          19.45191
        ]
      },
      "properties": {
        "name": "ROBO DE VEHICULO",
        "folder": "mapa info berni FEB.xlsx",
        "COLONIA": "EL PARQUE",
        "LATITUDE": "19.45191",
        "LONGITUDE": "-99.22172",
        "ID": "67.0",
        "FUENTE": "ALERTA 06",
        "NIC": "202601230064",
        "NUC (NUMERO UNICO DE CARPETA)": "PENDIENTE",
        "NUM MES": "1.0",
        "MES": "ENERO",
        "SEMANA": "SEM 04 (22 AL 28)",
        "DIA": "21.0",
        "DIA DE LA SEMANA": "MIERCOLES",
        "HORA DE LOS HECHOS": "7:30",
        "HORARIO": "7:00",
        "CALLE 1": "PARQUE DE LA ESTRELLA",
        "SECTOR": "5",
        "REGION": "SUR",
        "IMPACTO": "ALTO",
        "SUBTIPO": "ROBO DE VEHICULO",
        "MODALIDAD": "SIN VIOLENCIA",
        "TIPO DE VEHICULO": "MOTOCICLETA",
        "MARCA": "BAJAJ",
        "SUB-MARCA": "PULSAR NS200",
        "AÑO": "2024.0",
        "COLOR": "NEGRO",
        "SERIE": "MD2A36FXXRCL86631",
        "NUMERO DE PLACAS": "1564L3",
        "icon": "images/icon-29.png"
      }
    },
    {
      "type": "Feature",
      "geometry": {
        "type": "Point",
        "coordinates": [
          -99.23542861,
          19.48691089
        ]
      },
      "properties": {
        "name": "ROBO DE VEHICULO",
        "folder": "mapa info berni FEB.xlsx",
        "COLONIA": "BOSQUE DE ECHEGARAY",
        "LATITUDE": "19.48691089",
        "LONGITUDE": "-99.23542861",
        "ID": "68.0",
        "FUENTE": "ALERTA 06",
        "NIC": "202601240001",
        "NUC (NUMERO UNICO DE CARPETA)": "PENDIENTE",
        "NUM MES": "1.0",
        "MES": "ENERO",
        "SEMANA": "SEM 04 (22 AL 28)",
        "DIA": "23.0",
        "DIA DE LA SEMANA": "VIERNES",
        "HORA DE LOS HECHOS": "14:30",
        "HORARIO": "14:00",
        "CALLE 1": "AV LOMAS VERDES",
        "SECTOR": "3",
        "REGION": "NORTE",
        "IMPACTO": "ALTO",
        "SUBTIPO": "ROBO DE VEHICULO",
        "MODALIDAD": "SIN VIOLENCIA",
        "TIPO DE VEHICULO": "AUTOMOVIL",
        "MARCA": "SEAT",
        "SUB-MARCA": "IBIZA",
        "AÑO": "2017.0",
        "COLOR": "VERDE",
        "SERIE": "VSSBB26J5HR043575",
        "NUMERO DE PLACAS": "MZA840C",
        "icon": "images/icon-29.png"
      }
    },
    {
      "type": "Feature",
      "geometry": {
        "type": "Point",
        "coordinates": [
          -99.2654806,
          19.45742459
        ]
      },
      "properties": {
        "name": "ROBO DE VEHICULO",
        "folder": "mapa info berni FEB.xlsx",
        "COLONIA": "SAN LORENZO TOTOLINGA 1ª SECCION",
        "LATITUDE": "19.45742459",
        "LONGITUDE": "-99.2654806",
        "ID": "69.0",
        "FUENTE": "ALERTA 06",
        "NIC": "202601240038",
        "NUC (NUMERO UNICO DE CARPETA)": "PENDIENTE",
        "NUM MES": "1.0",
        "MES": "ENERO",
        "SEMANA": "SEM 04 (22 AL 28)",
        "DIA": "23.0",
        "DIA DE LA SEMANA": "VIERNES",
        "HORA DE LOS HECHOS": "21:00",
        "HORARIO": "21:00",
        "CALLE 1": "CANCUN # 14",
        "SECTOR": "13",
        "REGION": "SUR",
        "IMPACTO": "ALTO",
        "SUBTIPO": "ROBO DE VEHICULO",
        "MODALIDAD": "SIN VIOLENCIA",
        "TIPO DE VEHICULO": "MOTOCICLETA",
        "MARCA": "VELOCI",
        "SUB-MARCA": "BOXTER",
        "AÑO": "2024.0",
        "COLOR": "NEGRO",
        "SERIE": "3VMA2F3C6R2263385",
        "NUMERO DE PLACAS": "78CAG9",
        "icon": "images/icon-29.png"
      }
    },
    {
      "type": "Feature",
      "geometry": {
        "type": "Point",
        "coordinates": [
          -99.26083757,
          19.44801362
        ]
      },
      "properties": {
        "name": "ROBO DE VEHICULO",
        "folder": "mapa info berni FEB.xlsx",
        "COLONIA": "SAN JOSE DE LOS LEONES 2ª SECCION",
        "LATITUDE": "19.44801362",
        "LONGITUDE": "-99.26083757",
        "ID": "70.0",
        "FUENTE": "ALERTA 06",
        "NIC": "202601240051",
        "NUC (NUMERO UNICO DE CARPETA)": "PENDIENTE",
        "NUM MES": "1.0",
        "MES": "ENERO",
        "SEMANA": "SEM 04 (22 AL 28)",
        "DIA": "24.0",
        "DIA DE LA SEMANA": "SABADO",
        "HORA DE LOS HECHOS": "3:15",
        "HORARIO": "3:00",
        "CALLE 1": "CONCEPCION DE ORO",
        "SECTOR": "12",
        "REGION": "SUR",
        "IMPACTO": "ALTO",
        "SUBTIPO": "ROBO DE VEHICULO",
        "MODALIDAD": "SIN VIOLENCIA",
        "TIPO DE VEHICULO": "AUTOMOVIL",
        "MARCA": "NISSAN",
        "SUB-MARCA": "KICKS",
        "AÑO": "2018.0",
        "COLOR": "GRIS",
        "SERIE": "3N8CP5HD2JL480337",
        "NUMERO DE PLACAS": "PEJ8450",
        "icon": "images/icon-29.png"
      }
    },
    {
      "type": "Feature",
      "geometry": {
        "type": "Point",
        "coordinates": [
          -99.24624622,
          19.44976188
        ]
      },
      "properties": {
        "name": "ROBO DE VEHICULO",
        "folder": "mapa info berni FEB.xlsx",
        "COLONIA": "SAN ANTONIO ZOMEYUCAN",
        "LATITUDE": "19.44976188",
        "LONGITUDE": "-99.24624622",
        "ID": "71.0",
        "FUENTE": "ALERTA 06",
        "NIC": "202601250014",
        "NUC (NUMERO UNICO DE CARPETA)": "PENDIENTE",
        "NUM MES": "1.0",
        "MES": "ENERO",
        "SEMANA": "SEM 04 (22 AL 28)",
        "DIA": "24.0",
        "DIA DE LA SEMANA": "SABADO",
        "HORA DE LOS HECHOS": "2:00",
        "HORARIO": "2:00",
        "CALLE 1": "JUPITER",
        "SECTOR": "5",
        "REGION": "SUR",
        "IMPACTO": "ALTO",
        "SUBTIPO": "ROBO DE VEHICULO",
        "MODALIDAD": "SIN VIOLENCIA",
        "TIPO DE VEHICULO": "MOTOCICLETA",
        "MARCA": "ITALIKA",
        "SUB-MARCA": "DM150",
        "AÑO": "2026.0",
        "COLOR": "BLANCO",
        "SERIE": "3SCK46KFXT1002490",
        "NUMERO DE PLACAS": "S/P",
        "icon": "images/icon-29.png"
      }
    },
    {
      "type": "Feature",
      "geometry": {
        "type": "Point",
        "coordinates": [
          -99.22726759,
          19.48518334
        ]
      },
      "properties": {
        "name": "ROBO DE VEHICULO",
        "folder": "mapa info berni FEB.xlsx",
        "COLONIA": "CERVECERA MODELO",
        "LATITUDE": "19.48518334",
        "LONGITUDE": "-99.22726759",
        "ID": "72.0",
        "FUENTE": "ALERTA 06",
        "NIC": "202601250037",
        "NUC (NUMERO UNICO DE CARPETA)": "TLA/FRV/VRA/013/022569/26/01",
        "NUM MES": "1.0",
        "MES": "ENERO",
        "SEMANA": "SEM 04 (22 AL 28)",
        "DIA": "24.0",
        "DIA DE LA SEMANA": "SABADO",
        "HORA DE LOS HECHOS": "22:30",
        "HORARIO": "22:00",
        "CALLE 1": "CALLE C",
        "SECTOR": "3",
        "REGION": "NORTE",
        "IMPACTO": "ALTO",
        "SUBTIPO": "ROBO DE VEHICULO",
        "MODALIDAD": "SIN VIOLENCIA",
        "TIPO DE VEHICULO": "CAMIONETA",
        "MARCA": "NISSAN",
        "SUB-MARCA": "KICKS ADVANCE CVT",
        "AÑO": "2021.0",
        "COLOR": "AZUL",
        "SERIE": "3N8CP5HE2ML485020",
        "NUMERO DE PLACAS": "MDB818C",
        "icon": "images/icon-29.png"
      }
    },
    {
      "type": "Feature",
      "geometry": {
        "type": "Point",
        "coordinates": [
          -99.26113157,
          19.493947
        ]
      },
      "properties": {
        "name": "ROBO DE VEHICULO",
        "folder": "mapa info berni FEB.xlsx",
        "COLONIA": "JARDINES DE SAN MATEO",
        "LATITUDE": "19.493947",
        "LONGITUDE": "-99.26113157",
        "ID": "73.0",
        "FUENTE": "ALERTA 06",
        "NIC": "202601250075",
        "NUC (NUMERO UNICO DE CARPETA)": "PENDIENTE",
        "NUM MES": "1.0",
        "MES": "ENERO",
        "SEMANA": "SEM 04 (22 AL 28)",
        "DIA": "24.0",
        "DIA DE LA SEMANA": "SABADO",
        "HORA DE LOS HECHOS": "2:00",
        "HORARIO": "2:00",
        "CALLE 1": "AVENIDA SAN MIGUEL",
        "SECTOR": "7",
        "REGION": "NORTE",
        "IMPACTO": "ALTO",
        "SUBTIPO": "ROBO DE VEHICULO",
        "MODALIDAD": "SIN VIOLENCIA",
        "TIPO DE VEHICULO": "CAMIONETA",
        "MARCA": "MAZDA",
        "SUB-MARCA": "CX5",
        "AÑO": "2024.0",
        "COLOR": "BLANCO",
        "SERIE": "JM3KFADLXR0379434",
        "NUMERO DE PLACAS": "NPS149B",
        "icon": "images/icon-29.png"
      }
    },
    {
      "type": "Feature",
      "geometry": {
        "type": "Point",
        "coordinates": [
          -99.22825077,
          19.48346981
        ]
      },
      "properties": {
        "name": "ROBO DE VEHICULO",
        "folder": "mapa info berni FEB.xlsx",
        "COLONIA": "CERVECERA MODELO",
        "LATITUDE": "19.48346981",
        "LONGITUDE": "-99.22825077",
        "ID": "74.0",
        "FUENTE": "ALERTA 06",
        "NIC": "202601250082",
        "NUC (NUMERO UNICO DE CARPETA)": "PENDIENTE",
        "NUM MES": "1.0",
        "MES": "ENERO",
        "SEMANA": "SEM 04 (22 AL 28)",
        "DIA": "24.0",
        "DIA DE LA SEMANA": "SABADO",
        "HORA DE LOS HECHOS": "21:00",
        "HORARIO": "21:00",
        "CALLE 1": "B Ext 72",
        "SECTOR": "3",
        "REGION": "NORTE",
        "IMPACTO": "ALTO",
        "SUBTIPO": "ROBO DE VEHICULO",
        "MODALIDAD": "SIN VIOLENCIA",
        "TIPO DE VEHICULO": "CAMIONETA",
        "MARCA": "VOLKSWAGEN",
        "SUB-MARCA": "TAIGUN",
        "AÑO": "2024.0",
        "COLOR": "AZUL",
        "SERIE": "WVG2C4CW1RT022040",
        "NUMERO DE PLACAS": "S61BSM",
        "icon": "images/icon-29.png"
      }
    },
    {
      "type": "Feature",
      "geometry": {
        "type": "Point",
        "coordinates": [
          -99.23487975,
          19.4582094
        ]
      },
      "properties": {
        "name": "ROBO DE VEHICULO",
        "folder": "mapa info berni FEB.xlsx",
        "COLONIA": "NUEVO MOLINITO",
        "LATITUDE": "19.4582094",
        "LONGITUDE": "-99.23487975",
        "ID": "75.0",
        "FUENTE": "ALERTA 06",
        "NIC": "202601250094",
        "NUC (NUMERO UNICO DE CARPETA)": "PENDIENTE",
        "NUM MES": "1.0",
        "MES": "ENERO",
        "SEMANA": "SEM 04 (22 AL 28)",
        "DIA": "25.0",
        "DIA DE LA SEMANA": "DOMINGO",
        "HORA DE LOS HECHOS": "11:00",
        "HORARIO": "11:00",
        "CALLE 1": "FRESNOS",
        "SECTOR": "19",
        "REGION": "SUR",
        "IMPACTO": "ALTO",
        "SUBTIPO": "ROBO DE VEHICULO",
        "MODALIDAD": "SIN VIOLENCIA",
        "TIPO DE VEHICULO": "MOTOCICLETA",
        "MARCA": "ITALIKA",
        "SUB-MARCA": "250Z",
        "AÑO": "2025.0",
        "COLOR": "NEGRO",
        "SERIE": "3SCK5FLDXS1040777",
        "NUMERO DE PLACAS": "S/P",
        "icon": "images/icon-29.png"
      }
    },
    {
      "type": "Feature",
      "geometry": {
        "type": "Point",
        "coordinates": [
          -99.27201782,
          19.46778201
        ]
      },
      "properties": {
        "name": "ROBO DE VEHICULO",
        "folder": "mapa info berni FEB.xlsx",
        "COLONIA": "LAS HUERTAS 1ª SECCION",
        "LATITUDE": "19.46778201",
        "LONGITUDE": "-99.27201782",
        "ID": "76.0",
        "FUENTE": "ALERTA 06",
        "NIC": "202601250108",
        "NUC (NUMERO UNICO DE CARPETA)": "TLA/FRV/VRN/060/023095/26/01",
        "NUM MES": "1.0",
        "MES": "ENERO",
        "SEMANA": "SEM 04 (22 AL 28)",
        "DIA": "25.0",
        "DIA DE LA SEMANA": "DOMINGO",
        "HORA DE LOS HECHOS": "18:00",
        "HORARIO": "18:00",
        "CALLE 1": "CEDRO",
        "SECTOR": "23",
        "REGION": "SUR",
        "IMPACTO": "ALTO",
        "SUBTIPO": "ROBO DE VEHICULO",
        "MODALIDAD": "SIN VIOLENCIA",
        "TIPO DE VEHICULO": "MOTOCICLETA",
        "MARCA": "ITALIKA",
        "SUB-MARCA": "FT150",
        "AÑO": "2025.0",
        "COLOR": "NEGRO",
        "SERIE": "3SCK2AEN7S1037899",
        "NUMERO DE PLACAS": "65BUX8",
        "icon": "images/icon-29.png"
      }
    },
    {
      "type": "Feature",
      "geometry": {
        "type": "Point",
        "coordinates": [
          -99.25807316,
          19.45872115
        ]
      },
      "properties": {
        "name": "ROBO DE VEHICULO",
        "folder": "mapa info berni FEB.xlsx",
        "COLONIA": "SAN RAFAEL CHAMAPA 2ª SECCION",
        "LATITUDE": "19.45872115",
        "LONGITUDE": "-99.25807316",
        "ID": "77.0",
        "FUENTE": "ALERTA 06",
        "NIC": "202601260019",
        "NUC (NUMERO UNICO DE CARPETA)": "PENDIENTE",
        "NUM MES": "1.0",
        "MES": "ENERO",
        "SEMANA": "SEM 04 (22 AL 28)",
        "DIA": "26.0",
        "DIA DE LA SEMANA": "LUNES",
        "HORA DE LOS HECHOS": "3:00",
        "HORARIO": "3:00",
        "CALLE 1": "LUIS DONALDO COLOSIO",
        "SECTOR": "31",
        "REGION": "SUR",
        "IMPACTO": "ALTO",
        "SUBTIPO": "ROBO DE VEHICULO",
        "MODALIDAD": "SIN VIOLENCIA",
        "TIPO DE VEHICULO": "AUTOMOVIL",
        "MARCA": "VOLKSWAGEN",
        "SUB-MARCA": "JETTA",
        "AÑO": "2014.0",
        "COLOR": "AZUL",
        "SERIE": "3VWGW6AJ8EM270263",
        "NUMERO DE PLACAS": "NHX192A",
        "icon": "images/icon-29.png"
      }
    },
    {
      "type": "Feature",
      "geometry": {
        "type": "Point",
        "coordinates": [
          -99.26736404,
          19.49264731
        ]
      },
      "properties": {
        "name": "ROBO DE VEHICULO",
        "folder": "mapa info berni FEB.xlsx",
        "COLONIA": "LOMAS DE SAN MATEO",
        "LATITUDE": "19.49264731",
        "LONGITUDE": "-99.26736404",
        "ID": "78.0",
        "FUENTE": "ALERTA 06",
        "NIC": "202601260033",
        "NUC (NUMERO UNICO DE CARPETA)": "PENDIENTE",
        "NUM MES": "1.0",
        "MES": "ENERO",
        "SEMANA": "SEM 04 (22 AL 28)",
        "DIA": "25.0",
        "DIA DE LA SEMANA": "DOMINGO",
        "HORA DE LOS HECHOS": "1:10",
        "HORARIO": "1:00",
        "CALLE 1": "AV AHUEHUETES Ext 42",
        "SECTOR": "7",
        "REGION": "NORTE",
        "IMPACTO": "ALTO",
        "SUBTIPO": "ROBO DE VEHICULO",
        "MODALIDAD": "SIN VIOLENCIA",
        "TIPO DE VEHICULO": "CAMIONETA",
        "MARCA": "NISSAN",
        "SUB-MARCA": "XTRAIL",
        "AÑO": "2025.0",
        "COLOR": "BLANCO",
        "SERIE": "JN8AT3MT0SW036759",
        "NUMERO DE PLACAS": "PCF026A",
        "icon": "images/icon-29.png"
      }
    },
    {
      "type": "Feature",
      "geometry": {
        "type": "Point",
        "coordinates": [
          -99.23886135,
          19.45069086
        ]
      },
      "properties": {
        "name": "ROBO DE VEHICULO",
        "folder": "mapa info berni FEB.xlsx",
        "COLONIA": "LOMAS DE LA CAÑADA",
        "LATITUDE": "19.45069086",
        "LONGITUDE": "-99.23886135",
        "ID": "79.0",
        "FUENTE": "ALERTA 06",
        "NIC": "202601260061",
        "NUC (NUMERO UNICO DE CARPETA)": "PENDIENTE",
        "NUM MES": "1.0",
        "MES": "ENERO",
        "SEMANA": "SEM 04 (22 AL 28)",
        "DIA": "26.0",
        "DIA DE LA SEMANA": "LUNES",
        "HORA DE LOS HECHOS": "7:40",
        "HORARIO": "7:00",
        "CALLE 1": "AV 18 DE MARZO Ext 131",
        "SECTOR": "19",
        "REGION": "SUR",
        "IMPACTO": "ALTO",
        "SUBTIPO": "ROBO DE VEHICULO",
        "MODALIDAD": "SIN VIOLENCIA",
        "TIPO DE VEHICULO": "CAMIONETA",
        "MARCA": "VOLKSWAGEN",
        "SUB-MARCA": "TAOS",
        "AÑO": "2026.0",
        "COLOR": "GRIS",
        "SERIE": "3VVKP6B28TM023289",
        "NUMERO DE PLACAS": "DBD411A",
        "icon": "images/icon-29.png"
      }
    },
    {
      "type": "Feature",
      "geometry": {
        "type": "Point",
        "coordinates": [
          -99.2185885,
          19.48879453
        ]
      },
      "properties": {
        "name": "ROBO DE VEHICULO",
        "folder": "mapa info berni FEB.xlsx",
        "COLONIA": "DIEZ DE ABRIL",
        "LATITUDE": "19.48879453",
        "LONGITUDE": "-99.2185885",
        "ID": "80.0",
        "FUENTE": "ALERTA 06",
        "NIC": "202601270090",
        "NUC (NUMERO UNICO DE CARPETA)": "TLA/FRV/VRN/060/025543/26/01",
        "NUM MES": "1.0",
        "MES": "ENERO",
        "SEMANA": "SEM 04 (22 AL 28)",
        "DIA": "26.0",
        "DIA DE LA SEMANA": "LUNES",
        "HORA DE LOS HECHOS": "23:00",
        "HORARIO": "23:00",
        "CALLE 1": "MIGUEL HIDALGO Y COSTILLA",
        "SECTOR": "10",
        "REGION": "NORTE",
        "IMPACTO": "ALTO",
        "SUBTIPO": "ROBO DE VEHICULO",
        "MODALIDAD": "SIN VIOLENCIA",
        "TIPO DE VEHICULO": "MOTOCICLETA",
        "MARCA": "BAJAJ",
        "SUB-MARCA": "PULSAR",
        "AÑO": "2026.0",
        "COLOR": "AZUL",
        "SERIE": "MD2B54DX0TCD02042",
        "NUMERO DE PLACAS": "S/P",
        "icon": "images/icon-29.png"
      }
    },
    {
      "type": "Feature",
      "geometry": {
        "type": "Point",
        "coordinates": [
          -99.25065093,
          19.45351736
        ]
      },
      "properties": {
        "name": "ROBO DE VEHICULO",
        "folder": "mapa info berni FEB.xlsx",
        "COLONIA": "ALTAMIRA",
        "LATITUDE": "19.45351736",
        "LONGITUDE": "-99.25065093",
        "ID": "81.0",
        "FUENTE": "ALERTA 06",
        "NIC": "202601280018",
        "NUC (NUMERO UNICO DE CARPETA)": "PENDIENTE",
        "NUM MES": "1.0",
        "MES": "ENERO",
        "SEMANA": "SEM 04 (22 AL 28)",
        "DIA": "28.0",
        "DIA DE LA SEMANA": "MIERCOLES",
        "HORA DE LOS HECHOS": "0:10",
        "HORARIO": "0:00",
        "CALLE 1": "2 DE ABRIL",
        "SECTOR": "12",
        "REGION": "SUR",
        "IMPACTO": "ALTO",
        "SUBTIPO": "ROBO DE VEHICULO",
        "MODALIDAD": "SIN VIOLENCIA",
        "TIPO DE VEHICULO": "MOTOCICLETA",
        "MARCA": "VENTO",
        "SUB-MARCA": "DAKAR 300",
        "AÑO": "2026.0",
        "COLOR": "AMARILLO",
        "SERIE": "3MUCJKCD6T1001678",
        "NUMERO DE PLACAS": "S/P",
        "icon": "images/icon-29.png"
      }
    },
    {
      "type": "Feature",
      "geometry": {
        "type": "Point",
        "coordinates": [
          -99.23758125,
          19.45487691
        ]
      },
      "properties": {
        "name": "ROBO DE VEHICULO",
        "folder": "mapa info berni FEB.xlsx",
        "COLONIA": "NUEVO MOLINITO",
        "LATITUDE": "19.45487691",
        "LONGITUDE": "-99.23758125",
        "ID": "82.0",
        "FUENTE": "ALERTA 06",
        "NIC": "202601280085",
        "NUC (NUMERO UNICO DE CARPETA)": "PENDIENTE",
        "NUM MES": "1.0",
        "MES": "ENERO",
        "SEMANA": "SEM 04 (22 AL 28)",
        "DIA": "26.0",
        "DIA DE LA SEMANA": "LUNES",
        "HORA DE LOS HECHOS": "6:30",
        "HORARIO": "6:00",
        "CALLE 1": "MAGNOLIA",
        "SECTOR": "19",
        "REGION": "SUR",
        "IMPACTO": "ALTO",
        "SUBTIPO": "ROBO DE VEHICULO",
        "MODALIDAD": "SIN VIOLENCIA",
        "TIPO DE VEHICULO": "MOTOCICLETA",
        "MARCA": "ITALIKA",
        "SUB-MARCA": "Z250",
        "AÑO": "2023.0",
        "COLOR": "NEGRO",
        "SERIE": "3SCK5FLD6P1005080",
        "NUMERO DE PLACAS": "7769D6",
        "icon": "images/icon-29.png"
      }
    },
    {
      "type": "Feature",
      "geometry": {
        "type": "Point",
        "coordinates": [
          -99.24018726,
          19.46002196
        ]
      },
      "properties": {
        "name": "ROBO DE VEHICULO",
        "folder": "mapa info berni FEB.xlsx",
        "COLONIA": "JARDINES DEL MOLINITO",
        "LATITUDE": "19.46002196",
        "LONGITUDE": "-99.24018726",
        "ID": "83.0",
        "FUENTE": "ALERTA 06",
        "NIC": "202601280093",
        "NUC (NUMERO UNICO DE CARPETA)": "PENDIENTE",
        "NUM MES": "1.0",
        "MES": "ENERO",
        "SEMANA": "SEM 04 (22 AL 28)",
        "DIA": "26.0",
        "DIA DE LA SEMANA": "LUNES",
        "HORA DE LOS HECHOS": "15:30",
        "HORARIO": "15:00",
        "CALLE 1": "CTO MARGARITAS 1 Ext 132",
        "SECTOR": "5",
        "REGION": "SUR",
        "IMPACTO": "ALTO",
        "SUBTIPO": "ROBO DE VEHICULO",
        "MODALIDAD": "SIN VIOLENCIA",
        "TIPO DE VEHICULO": "MOTOCICLETA",
        "MARCA": "ITALIKA",
        "SUB-MARCA": "WS 175",
        "AÑO": "2023.0",
        "COLOR": "AZUL",
        "SERIE": "3SCK1CAV6P1004811",
        "NUMERO DE PLACAS": "2612J1",
        "icon": "images/icon-29.png"
      }
    },
    {
      "type": "Feature",
      "geometry": {
        "type": "Point",
        "coordinates": [
          -99.28884,
          19.49785
        ]
      },
      "properties": {
        "name": "ROBO DE VEHICULO",
        "folder": "mapa info berni FEB.xlsx",
        "COLONIA": "RINCON VERDE",
        "LATITUDE": "19.49785",
        "LONGITUDE": "-99.28884",
        "ID": "84.0",
        "FUENTE": "ALERTA 06",
        "NIC": "202601290015",
        "NUC (NUMERO UNICO DE CARPETA)": "PENDIENTE",
        "NUM MES": "1.0",
        "MES": "ENERO",
        "SEMANA": "SEM 04 (22 AL 28)",
        "DIA": "28.0",
        "DIA DE LA SEMANA": "MIERCOLES",
        "HORA DE LOS HECHOS": "22:00",
        "HORARIO": "22:00",
        "CALLE 1": "ALCATRACES",
        "SECTOR": "15",
        "REGION": "NORTE",
        "IMPACTO": "ALTO",
        "SUBTIPO": "ROBO DE VEHICULO",
        "MODALIDAD": "SIN VIOLENCIA",
        "TIPO DE VEHICULO": "AUTOMOVIL",
        "MARCA": "CHEVROLET",
        "SUB-MARCA": "CHEVY",
        "AÑO": "2001.0",
        "COLOR": "NEGRO",
        "SERIE": "3G1SE54631S140570",
        "NUMERO DE PLACAS": "NFJ788B",
        "icon": "images/icon-29.png"
      }
    },
    {
      "type": "Feature",
      "geometry": {
        "type": "Point",
        "coordinates": [
          -99.25223539,
          19.44425478
        ]
      },
      "properties": {
        "name": "ROBO DE VEHICULO",
        "folder": "mapa info berni FEB.xlsx",
        "COLONIA": "MARTIRES DE RIO BLANCO",
        "LATITUDE": "19.44425478",
        "LONGITUDE": "-99.25223539",
        "ID": "85.0",
        "FUENTE": "TEL Y SC",
        "NIC": "S/I",
        "NUC (NUMERO UNICO DE CARPETA)": "SIN CARPETA",
        "NUM MES": "1.0",
        "MES": "ENERO",
        "SEMANA": "SEM 05 (29 AL 04)",
        "DIA": "30.0",
        "DIA DE LA SEMANA": "VIERNES",
        "HORA DE LOS HECHOS": "0:15",
        "HORARIO": "0:15",
        "CALLE 1": "AVENIDA REVOLUCION",
        "SECTOR": "12",
        "REGION": "SUR",
        "IMPACTO": "ALTO",
        "SUBTIPO": "ROBO DE VEHICULO",
        "MODALIDAD": "SIN VIOLENCIA",
        "TIPO DE VEHICULO": "MOTOCICLETA",
        "MARCA": "KTM",
        "SUB-MARCA": "DUKE",
        "AÑO": "2021.0",
        "COLOR": "NARANJA",
        "SERIE": "S/I",
        "NUMERO DE PLACAS": "S/P",
        "icon": "images/icon-29.png"
      }
    },
    {
      "type": "Feature",
      "geometry": {
        "type": "Point",
        "coordinates": [
          -99.26656785,
          19.47502989
        ]
      },
      "properties": {
        "name": "ROBO DE VEHICULO",
        "folder": "mapa info berni FEB.xlsx",
        "COLONIA": "VISTA DEL VALLE SECCION BOSQUES",
        "LATITUDE": "19.47502989",
        "LONGITUDE": "-99.26656785",
        "ID": "86.0",
        "FUENTE": "ALERTA 06",
        "NIC": "202601300050",
        "NUC (NUMERO UNICO DE CARPETA)": "TLA/FRV/VRN/060/028148/26/01",
        "NUM MES": "1.0",
        "MES": "ENERO",
        "SEMANA": "SEM 05 (29 AL 04)",
        "DIA": "30.0",
        "DIA DE LA SEMANA": "VIERNES",
        "HORA DE LOS HECHOS": "2:38",
        "HORARIO": "2:00",
        "CALLE 1": "ACUEDUCTO TAXCO",
        "SECTOR": "14",
        "REGION": "NORTE",
        "IMPACTO": "ALTO",
        "SUBTIPO": "ROBO DE VEHICULO",
        "MODALIDAD": "SIN VIOLENCIA",
        "TIPO DE VEHICULO": "AUTOMOVIL",
        "MARCA": "NISSAN",
        "SUB-MARCA": "KICKS",
        "AÑO": "2023.0",
        "COLOR": "BLANCO",
        "SERIE": "3N8CP5HE3PL577502",
        "NUMERO DE PLACAS": "MHZ711A",
        "icon": "images/icon-29.png"
      }
    },
    {
      "type": "Feature",
      "geometry": {
        "type": "Point",
        "coordinates": [
          -99.26811394,
          19.48322541
        ]
      },
      "properties": {
        "name": "ROBO DE VEHICULO",
        "folder": "mapa info berni FEB.xlsx",
        "COLONIA": "CIUDAD BRISAS",
        "LATITUDE": "19.48322541",
        "LONGITUDE": "-99.26811394",
        "ID": "87.0",
        "FUENTE": "ALERTA 06",
        "NIC": "202601300056",
        "NUC (NUMERO UNICO DE CARPETA)": "TLA/FRV/VRN/060/028542/26/01",
        "NUM MES": "1.0",
        "MES": "ENERO",
        "SEMANA": "SEM 05 (29 AL 04)",
        "DIA": "29.0",
        "DIA DE LA SEMANA": "JUEVES",
        "HORA DE LOS HECHOS": "23:30",
        "HORARIO": "23:00",
        "CALLE 1": "MAR DE LAS ONDAS",
        "SECTOR": "14",
        "REGION": "NORTE",
        "IMPACTO": "ALTO",
        "SUBTIPO": "ROBO DE VEHICULO",
        "MODALIDAD": "SIN VIOLENCIA",
        "TIPO DE VEHICULO": "CAMIONETA",
        "MARCA": "HONDA",
        "SUB-MARCA": "HR-V",
        "AÑO": "2024.0",
        "COLOR": "GRIS",
        "SERIE": "3HGRZ1871RM006499",
        "NUMERO DE PLACAS": "LJT080C",
        "icon": "images/icon-29.png"
      }
    },
    {
      "type": "Feature",
      "geometry": {
        "type": "Point",
        "coordinates": [
          -99.26869029,
          19.43589643
        ]
      },
      "properties": {
        "name": "ROBO DE VEHICULO",
        "folder": "mapa info berni FEB.xlsx",
        "COLONIA": "PLAN DE AYALA 2ª SECCION",
        "LATITUDE": "19.43589643",
        "LONGITUDE": "-99.26869029",
        "ID": "88.0",
        "FUENTE": "ALERTA 06",
        "NIC": "202602010010",
        "NUC (NUMERO UNICO DE CARPETA)": "TLA/FRV/VRN/060/029773/26/02",
        "NUM MES": "1.0",
        "MES": "ENERO",
        "SEMANA": "SEM 05 (29 AL 04)",
        "DIA": "31.0",
        "DIA DE LA SEMANA": "SABADO",
        "HORA DE LOS HECHOS": "21:30",
        "HORARIO": "21:00",
        "CALLE 1": "28 DE NOVIEMBRE",
        "SECTOR": "20",
        "REGION": "SUR",
        "IMPACTO": "ALTO",
        "SUBTIPO": "ROBO DE VEHICULO",
        "MODALIDAD": "SIN VIOLENCIA",
        "TIPO DE VEHICULO": "AUTOMOVIL",
        "MARCA": "FORD",
        "SUB-MARCA": "FUSION",
        "AÑO": "2008.0",
        "COLOR": "BLANCO",
        "SERIE": "3FAFP06Z78R109861",
        "NUMERO DE PLACAS": "NXR309B",
        "icon": "images/icon-29.png"
      }
    },
    {
      "type": "Feature",
      "geometry": {
        "type": "Point",
        "coordinates": [
          -99.23469622,
          19.4797162
        ]
      },
      "properties": {
        "name": "ROBO DE VEHICULO",
        "folder": "mapa info berni FEB.xlsx",
        "COLONIA": "EL MIRADOR",
        "LATITUDE": "19.4797162",
        "LONGITUDE": "-99.23469622",
        "ID": "89.0",
        "FUENTE": "TEL, SC Y 06",
        "NIC": "202602010052",
        "NUC (NUMERO UNICO DE CARPETA)": "TLA/FRV/VRN/060/029991/26/02",
        "NUM MES": "2.0",
        "MES": "FEBRERO",
        "SEMANA": "SEM 05 (29 AL 04)",
        "DIA": "1.0",
        "DIA DE LA SEMANA": "DOMINGO",
        "HORA DE LOS HECHOS": "15:45",
        "HORARIO": "15:00",
        "CALLE 1": "AV VALLE DE MEXICO",
        "SECTOR": "2",
        "REGION": "NORTE",
        "IMPACTO": "ALTO",
        "SUBTIPO": "ROBO DE VEHICULO",
        "MODALIDAD": "SIN VIOLENCIA",
        "TIPO DE VEHICULO": "AUTOMOVIL",
        "MARCA": "VOLKSWAGEN",
        "SUB-MARCA": "BRASILIA",
        "AÑO": "1975.0",
        "COLOR": "ROJO",
        "SERIE": "MA013861",
        "NUMERO DE PLACAS": "MDK446B",
        "icon": "images/icon-29.png"
      }
    },
    {
      "type": "Feature",
      "geometry": {
        "type": "Point",
        "coordinates": [
          -99.23743887,
          19.45623038
        ]
      },
      "properties": {
        "name": "ROBO DE VEHICULO",
        "folder": "mapa info berni FEB.xlsx",
        "COLONIA": "EL MOLINITO",
        "LATITUDE": "19.45623038",
        "LONGITUDE": "-99.23743887",
        "ID": "90.0",
        "FUENTE": "TEL, SC Y 06",
        "NIC": "202602030021",
        "NUC (NUMERO UNICO DE CARPETA)": "PENDIENTE",
        "NUM MES": "2.0",
        "MES": "FEBRERO",
        "SEMANA": "SEM 05 (29 AL 04)",
        "DIA": "2.0",
        "DIA DE LA SEMANA": "LUNES",
        "HORA DE LOS HECHOS": "21:30",
        "HORARIO": "21:00",
        "CALLE 1": "AV. FERROCARRIL DE ACAMBARO",
        "SECTOR": "5",
        "REGION": "SUR",
        "IMPACTO": "ALTO",
        "SUBTIPO": "ROBO DE VEHICULO",
        "MODALIDAD": "SIN VIOLENCIA",
        "TIPO DE VEHICULO": "CAMIONETA",
        "MARCA": "HONDA",
        "SUB-MARCA": "CR-V",
        "AÑO": "2018.0",
        "COLOR": "BLANCO",
        "SERIE": "1HGRW1844JL915065",
        "NUMERO DE PLACAS": "NRS887B",
        "icon": "images/icon-29.png"
      }
    },
    {
      "type": "Feature",
      "geometry": {
        "type": "Point",
        "coordinates": [
          -99.24732275,
          19.49525621
        ]
      },
      "properties": {
        "name": "ROBO DE VEHICULO",
        "folder": "mapa info berni FEB.xlsx",
        "COLONIA": "BOULEVARES",
        "LATITUDE": "19.49525621",
        "LONGITUDE": "-99.24732275",
        "ID": "91.0",
        "FUENTE": "TEL, SC Y 06",
        "NIC": "202602030057",
        "NUC (NUMERO UNICO DE CARPETA)": "PENDIENTE",
        "NUM MES": "2.0",
        "MES": "FEBRERO",
        "SEMANA": "SEM 05 (29 AL 04)",
        "DIA": "3.0",
        "DIA DE LA SEMANA": "MARTES",
        "HORA DE LOS HECHOS": "8:17",
        "HORARIO": "8:00",
        "CALLE 1": "AV. LOMAS VERDES",
        "SECTOR": "8",
        "REGION": "NORTE",
        "IMPACTO": "ALTO",
        "SUBTIPO": "ROBO DE VEHICULO",
        "MODALIDAD": "SIN VIOLENCIA",
        "TIPO DE VEHICULO": "AUTOMOVIL",
        "MARCA": "NISSAN",
        "SUB-MARCA": "VERSA",
        "AÑO": "2015.0",
        "COLOR": "BLANCO",
        "SERIE": "3N1CN7AD9FL879683",
        "NUMERO DE PLACAS": "MZM481C",
        "icon": "images/icon-29.png"
      }
    },
    {
      "type": "Feature",
      "geometry": {
        "type": "Point",
        "coordinates": [
          -99.26603232,
          19.43896876
        ]
      },
      "properties": {
        "name": "ROBO DE VEHICULO",
        "folder": "mapa info berni FEB.xlsx",
        "COLONIA": "PLAN DE AYALA 1ª SECCION",
        "LATITUDE": "19.43896876",
        "LONGITUDE": "-99.26603232",
        "ID": "92.0",
        "FUENTE": "ALERTA 06",
        "NIC": "202602030073",
        "NUC (NUMERO UNICO DE CARPETA)": "TLA/FRV/VRN/060/031737/26/02",
        "NUM MES": "2.0",
        "MES": "FEBRERO",
        "SEMANA": "SEM 05 (29 AL 04)",
        "DIA": "3.0",
        "DIA DE LA SEMANA": "MARTES",
        "HORA DE LOS HECHOS": "15:00",
        "HORARIO": "15:00",
        "CALLE 1": "EMILIANO ZAPATA",
        "SECTOR": "20",
        "REGION": "SUR",
        "IMPACTO": "ALTO",
        "SUBTIPO": "ROBO DE VEHICULO",
        "MODALIDAD": "SIN VIOLENCIA",
        "TIPO DE VEHICULO": "MOTOCICLETA",
        "MARCA": "ITALIKA",
        "SUB-MARCA": "Z250",
        "AÑO": "2025.0",
        "COLOR": "NEGRO",
        "SERIE": "LLCK5FLD3SA103706",
        "NUMERO DE PLACAS": "7569K7",
        "icon": "images/icon-29.png"
      }
    },
    {
      "type": "Feature",
      "geometry": {
        "type": "Point",
        "coordinates": [
          -99.34125,
          19.44434
        ]
      },
      "properties": {
        "name": "ROBO DE VEHICULO",
        "folder": "mapa info berni FEB.xlsx",
        "COLONIA": "SAN FRANCISCO CHIMALPA",
        "LATITUDE": "19.44434",
        "LONGITUDE": "-99.34125",
        "ID": "93.0",
        "FUENTE": "ALERTA 06",
        "NIC": "202602040032",
        "NUC (NUMERO UNICO DE CARPETA)": "TLA/FRV/VRN/060/032221/26/02",
        "NUM MES": "2.0",
        "MES": "FEBRERO",
        "SEMANA": "SEM 05 (29 AL 04)",
        "DIA": "4.0",
        "DIA DE LA SEMANA": "MIERCOLES",
        "HORA DE LOS HECHOS": "2:11",
        "HORARIO": "2:00",
        "CALLE 1": "SAN MIGUEL DORANI",
        "SECTOR": "22",
        "REGION": "SUR",
        "IMPACTO": "ALTO",
        "SUBTIPO": "ROBO DE VEHICULO",
        "MODALIDAD": "SIN VIOLENCIA",
        "TIPO DE VEHICULO": "AUTOMOVIL",
        "MARCA": "NISSAN",
        "SUB-MARCA": "VERSA",
        "AÑO": "2024.0",
        "COLOR": "NARANHA",
        "SERIE": "3N1CN8AE9RK618871",
        "NUMERO DE PLACAS": "NAM573B",
        "icon": "images/icon-29.png"
      }
    },
    {
      "type": "Feature",
      "geometry": {
        "type": "Point",
        "coordinates": [
          -99.28556089,
          19.44750617
        ]
      },
      "properties": {
        "name": "ROBO DE VEHICULO",
        "folder": "mapa info berni FEB.xlsx",
        "COLONIA": "OLIMPICA RADIO 2ª SECCION (EL CARACOL)",
        "LATITUDE": "19.44750617",
        "LONGITUDE": "-99.28556089",
        "ID": "94.0",
        "FUENTE": "ALERTA 06",
        "NIC": "202602040040",
        "NUC (NUMERO UNICO DE CARPETA)": "PENDIENTE",
        "NUM MES": "2.0",
        "MES": "FEBRERO",
        "SEMANA": "SEM 05 (29 AL 04)",
        "DIA": "4.0",
        "DIA DE LA SEMANA": "MIERCOLES",
        "HORA DE LOS HECHOS": "6:30",
        "HORARIO": "6:00",
        "CALLE 1": "ANASTACIO BUSTAMANTE",
        "SECTOR": "31",
        "REGION": "SUR",
        "IMPACTO": "ALTO",
        "SUBTIPO": "ROBO DE VEHICULO",
        "MODALIDAD": "SIN VIOLENCIA",
        "TIPO DE VEHICULO": "MOTOCICLETA",
        "MARCA": "VENTO",
        "SUB-MARCA": "ROCKETMAN",
        "AÑO": "2022.0",
        "COLOR": "CAFÉ",
        "SERIE": "3MUAEGBD7N1311092",
        "NUMERO DE PLACAS": "64NBV1",
        "icon": "images/icon-29.png"
      }
    },
    {
      "type": "Feature",
      "geometry": {
        "type": "Point",
        "coordinates": [
          -99.28884311,
          19.50288164
        ]
      },
      "properties": {
        "name": "ROBO DE VEHICULO",
        "folder": "mapa info berni FEB.xlsx",
        "COLONIA": "RINCON VERDE",
        "LATITUDE": "19.50288164",
        "LONGITUDE": "-99.28884311",
        "ID": "95.0",
        "FUENTE": "ALERTA 06",
        "NIC": "202602040046",
        "NUC (NUMERO UNICO DE CARPETA)": "PENDIENTE",
        "NUM MES": "2.0",
        "MES": "FEBRERO",
        "SEMANA": "SEM 05 (29 AL 04)",
        "DIA": "3.0",
        "DIA DE LA SEMANA": "MARTES",
        "HORA DE LOS HECHOS": "22:00",
        "HORARIO": "22:00",
        "CALLE 1": "COLORINES",
        "SECTOR": "15",
        "REGION": "NORTE",
        "IMPACTO": "ALTO",
        "SUBTIPO": "ROBO DE VEHICULO",
        "MODALIDAD": "SIN VIOLENCIA",
        "TIPO DE VEHICULO": "MOTOCICLETA",
        "MARCA": "ITALIKA",
        "SUB-MARCA": "FT150",
        "AÑO": "2025.0",
        "COLOR": "NEGRO",
        "SERIE": "3SCK2AEN3S1048026",
        "NUMERO DE PLACAS": "1128L3",
        "icon": "images/icon-29.png"
      }
    },
    {
      "type": "Feature",
      "geometry": {
        "type": "Point",
        "coordinates": [
          -99.24061261,
          19.45128707
        ]
      },
      "properties": {
        "name": "ROBO DE VEHICULO",
        "folder": "mapa info berni FEB.xlsx",
        "COLONIA": "LA CAÑADA",
        "LATITUDE": "19.45128707",
        "LONGITUDE": "-99.24061261",
        "ID": "96.0",
        "FUENTE": "ALERTA 06",
        "NIC": "202602040049",
        "NUC (NUMERO UNICO DE CARPETA)": "PENDIENTE",
        "NUM MES": "2.0",
        "MES": "FEBRERO",
        "SEMANA": "SEM 05 (29 AL 04)",
        "DIA": "3.0",
        "DIA DE LA SEMANA": "MARTES",
        "HORA DE LOS HECHOS": "22:40",
        "HORARIO": "22:00",
        "CALLE 1": "GERANIO 3",
        "SECTOR": "19",
        "REGION": "SUR",
        "IMPACTO": "ALTO",
        "SUBTIPO": "ROBO DE VEHICULO",
        "MODALIDAD": "SIN VIOLENCIA",
        "TIPO DE VEHICULO": "MOTOCICLETA",
        "MARCA": "VELOCI",
        "SUB-MARCA": "RAZZER",
        "AÑO": "2023.0",
        "COLOR": "ROJO",
        "SERIE": "3VMA2F3L7P2164765",
        "NUMERO DE PLACAS": "8035F3",
        "icon": "images/icon-29.png"
      }
    },
    {
      "type": "Feature",
      "geometry": {
        "type": "Point",
        "coordinates": [
          -99.25048647,
          19.43991167
        ]
      },
      "properties": {
        "name": "ROBO DE VEHICULO",
        "folder": "mapa info berni FEB.xlsx",
        "COLONIA": "MIRAMAR",
        "LATITUDE": "19.43991167",
        "LONGITUDE": "-99.25048647",
        "ID": "97.0",
        "FUENTE": "ALERTA 06",
        "NIC": "202602050057",
        "NUC (NUMERO UNICO DE CARPETA)": "PENDIENTE",
        "NUM MES": "2.0",
        "MES": "FEBRERO",
        "SEMANA": "SEM 06 (05 AL 11)",
        "DIA": "5.0",
        "DIA DE LA SEMANA": "JUEVES",
        "HORA DE LOS HECHOS": "2:31",
        "HORARIO": "2:00",
        "CALLE 1": "AV NAUCALPAN",
        "SECTOR": "19",
        "REGION": "SUR",
        "IMPACTO": "ALTO",
        "SUBTIPO": "ROBO DE VEHICULO",
        "MODALIDAD": "SIN VIOLENCIA",
        "TIPO DE VEHICULO": "MOTOCICLETA",
        "MARCA": "VENTO",
        "SUB-MARCA": "ROCKETMAN",
        "AÑO": "2025.0",
        "COLOR": "GRIS",
        "SERIE": "3MUAEKCD3S1312835",
        "NUMERO DE PLACAS": "1A5656",
        "icon": "images/icon-29.png"
      }
    },
    {
      "type": "Feature",
      "geometry": {
        "type": "Point",
        "coordinates": [
          -99.22029132,
          19.48854505
        ]
      },
      "properties": {
        "name": "ROBO DE VEHICULO",
        "folder": "mapa info berni FEB.xlsx",
        "COLONIA": "LOS PASTORES",
        "LATITUDE": "19.48854505",
        "LONGITUDE": "-99.22029132",
        "ID": "98.0",
        "FUENTE": "ALERTA 06",
        "NIC": "202602050090",
        "NUC (NUMERO UNICO DE CARPETA)": "PENDIENTE",
        "NUM MES": "2.0",
        "MES": "FEBRERO",
        "SEMANA": "SEM 06 (05 AL 11)",
        "DIA": "5.0",
        "DIA DE LA SEMANA": "JUEVES",
        "HORA DE LOS HECHOS": "13:00",
        "HORARIO": "13:00",
        "CALLE 1": "EL ARROYUELO # 4",
        "SECTOR": "10",
        "REGION": "NORTE",
        "IMPACTO": "ALTO",
        "SUBTIPO": "ROBO DE VEHICULO",
        "MODALIDAD": "SIN VIOLENCIA",
        "TIPO DE VEHICULO": "CAMIONETA",
        "MARCA": "DODGE",
        "SUB-MARCA": "RAM1500",
        "AÑO": "1998.0",
        "COLOR": "BLANCO",
        "SERIE": "1B7HC13Z3WJ223002",
        "NUMERO DE PLACAS": "S/P",
        "icon": "images/icon-29.png"
      }
    },
    {
      "type": "Feature",
      "geometry": {
        "type": "Point",
        "coordinates": [
          -99.21745672,
          19.45696912
        ]
      },
      "properties": {
        "name": "ROBO DE VEHICULO",
        "folder": "mapa info berni FEB.xlsx",
        "COLONIA": "LOMAS DE SOTELO",
        "LATITUDE": "19.45696912",
        "LONGITUDE": "-99.21745672",
        "ID": "99.0",
        "FUENTE": "ALERTA 06",
        "NIC": "202602060043",
        "NUC (NUMERO UNICO DE CARPETA)": "PENDIENTE",
        "NUM MES": "2.0",
        "MES": "FEBRERO",
        "SEMANA": "SEM 06 (05 AL 11)",
        "DIA": "5.0",
        "DIA DE LA SEMANA": "JUEVES",
        "HORA DE LOS HECHOS": "14:00",
        "HORARIO": "14:00",
        "CALLE 1": "AV TRANSMISIONES MILITARES",
        "SECTOR": "11",
        "REGION": "SUR",
        "IMPACTO": "ALTO",
        "SUBTIPO": "ROBO DE VEHICULO",
        "MODALIDAD": "SIN VIOLENCIA",
        "TIPO DE VEHICULO": "AUTOMOVIL",
        "MARCA": "NISSAN",
        "SUB-MARCA": "TIIDA",
        "AÑO": "2013.0",
        "COLOR": "BLANCO",
        "SERIE": "3N1BC1AS1DK229939",
        "NUMERO DE PLACAS": "JKV5516",
        "icon": "images/icon-29.png"
      }
    },
    {
      "type": "Feature",
      "geometry": {
        "type": "Point",
        "coordinates": [
          -99.23387999,
          19.46494486
        ]
      },
      "properties": {
        "name": "ROBO DE VEHICULO",
        "folder": "mapa info berni FEB.xlsx",
        "COLONIA": "SAN ANDRES ATOTO",
        "LATITUDE": "19.46494486",
        "LONGITUDE": "-99.23387999",
        "ID": "100.0",
        "FUENTE": "ALERTA 06",
        "NIC": "202602080074",
        "NUC (NUMERO UNICO DE CARPETA)": "TLA/FRV/VRN/060/036550/26/02",
        "NUM MES": "2.0",
        "MES": "FEBRERO",
        "SEMANA": "SEM 06 (05 AL 11)",
        "DIA": "8.0",
        "DIA DE LA SEMANA": "DOMINGO",
        "HORA DE LOS HECHOS": "18:00",
        "HORARIO": "18:00",
        "CALLE 1": "AV 1RO DE MAYO",
        "SECTOR": "5",
        "REGION": "SUR",
        "IMPACTO": "ALTO",
        "SUBTIPO": "ROBO DE VEHICULO",
        "MODALIDAD": "SIN VIOLENCIA",
        "TIPO DE VEHICULO": "CAMIONETA",
        "MARCA": "DODGE",
        "SUB-MARCA": "DAYTONA",
        "AÑO": "2016.0",
        "COLOR": "NEGRO",
        "SERIE": "2C3CDXAG4GH163461",
        "NUMERO DE PLACAS": "PDK591A",
        "icon": "images/icon-29.png"
      }
    },
    {
      "type": "Feature",
      "geometry": {
        "type": "Point",
        "coordinates": [
          -99.2484645,
          19.45278026
        ]
      },
      "properties": {
        "name": "ROBO DE VEHICULO",
        "folder": "mapa info berni FEB.xlsx",
        "COLONIA": "ALTAMIRA",
        "LATITUDE": "19.45278026",
        "LONGITUDE": "-99.2484645",
        "ID": "101.0",
        "FUENTE": "ALERTA 06",
        "NIC": "202602090025",
        "NUC (NUMERO UNICO DE CARPETA)": "PENDIENTE",
        "NUM MES": "2.0",
        "MES": "FEBRERO",
        "SEMANA": "SEM 06 (05 AL 11)",
        "DIA": "8.0",
        "DIA DE LA SEMANA": "DOMINGO",
        "HORA DE LOS HECHOS": "22:00",
        "HORARIO": "22:00",
        "CALLE 1": "PRIMERO DE ENERO",
        "SECTOR": "12",
        "REGION": "SUR",
        "IMPACTO": "ALTO",
        "SUBTIPO": "ROBO DE VEHICULO",
        "MODALIDAD": "SIN VIOLENCIA",
        "TIPO DE VEHICULO": "MOTOCICLETA",
        "MARCA": "HERO",
        "SUB-MARCA": "HUNK 150",
        "AÑO": "2024.0",
        "COLOR": "GRIS",
        "SERIE": "MBLKCU024RHT21076",
        "NUMERO DE PLACAS": "1668H9",
        "icon": "images/icon-29.png"
      }
    },
    {
      "type": "Feature",
      "geometry": {
        "type": "Point",
        "coordinates": [
          -99.26730514,
          19.4498741
        ]
      },
      "properties": {
        "name": "ROBO DE VEHICULO",
        "folder": "mapa info berni FEB.xlsx",
        "COLONIA": "VALLE DORADO (SAN RAFAEL CHAMAPA VI)",
        "LATITUDE": "19.4498741",
        "LONGITUDE": "-99.26730514",
        "ID": "102.0",
        "FUENTE": "ALERTA 06",
        "NIC": "202602090110",
        "NUC (NUMERO UNICO DE CARPETA)": "PENDIENTE",
        "NUM MES": "2.0",
        "MES": "FEBRERO",
        "SEMANA": "SEM 06 (05 AL 11)",
        "DIA": "9.0",
        "DIA DE LA SEMANA": "LUNES",
        "HORA DE LOS HECHOS": "5:00",
        "HORARIO": "5:00",
        "CALLE 1": "AMADO NERVO",
        "SECTOR": "21",
        "REGION": "SUR",
        "IMPACTO": "ALTO",
        "SUBTIPO": "ROBO DE VEHICULO",
        "MODALIDAD": "SIN VIOLENCIA",
        "TIPO DE VEHICULO": "MOTOCICLETA",
        "MARCA": "BAJAJ",
        "SUB-MARCA": "PULSAR",
        "AÑO": "2025.0",
        "COLOR": "BLANCO",
        "SERIE": "MD2A36FX1SCD01393",
        "NUMERO DE PLACAS": "0174M7",
        "icon": "images/icon-29.png"
      }
    },
    {
      "type": "Feature",
      "geometry": {
        "type": "Point",
        "coordinates": [
          -99.21248683,
          19.46973828
        ]
      },
      "properties": {
        "name": "ROBO DE VEHICULO",
        "folder": "mapa info berni FEB.xlsx",
        "COLONIA": "AHUIZOTLA (SANTIAGO AHUIZOTLA)",
        "LATITUDE": "19.46973828",
        "LONGITUDE": "-99.21248683",
        "ID": "103.0",
        "FUENTE": "TEL, SC Y 06",
        "NIC": "202602100089",
        "NUC (NUMERO UNICO DE CARPETA)": "PENDIENTE",
        "NUM MES": "2.0",
        "MES": "FEBRERO",
        "SEMANA": "SEM 06 (05 AL 11)",
        "DIA": "10.0",
        "DIA DE LA SEMANA": "MARTES",
        "HORA DE LOS HECHOS": "12:00",
        "HORARIO": "12:00",
        "CALLE 1": "VICENTE GUERRERO",
        "SECTOR": "11",
        "REGION": "SUR",
        "IMPACTO": "ALTO",
        "SUBTIPO": "ROBO DE VEHICULO",
        "MODALIDAD": "SIN VIOLENCIA",
        "TIPO DE VEHICULO": "MOTOCICLETA",
        "MARCA": "ITALIKA",
        "SUB-MARCA": "DS150",
        "AÑO": "2022.0",
        "COLOR": "AZUL",
        "SERIE": "3SCK1AAU7N1020119",
        "NUMERO DE PLACAS": "4750G5",
        "icon": "images/icon-29.png"
      }
    },
    {
      "type": "Feature",
      "geometry": {
        "type": "Point",
        "coordinates": [
          -99.34492077,
          19.44181089
        ]
      },
      "properties": {
        "name": "ROBO DE VEHICULO",
        "folder": "mapa info berni FEB.xlsx",
        "COLONIA": "BARRIO LA CONCEPCION",
        "LATITUDE": "19.44181089",
        "LONGITUDE": "-99.34492077",
        "ID": "104.0",
        "FUENTE": "TEL, SC Y 06",
        "NIC": "202602110060",
        "NUC (NUMERO UNICO DE CARPETA)": "PENDIENTE",
        "NUM MES": "2.0",
        "MES": "FEBRERO",
        "SEMANA": "SEM 06 (05 AL 11)",
        "DIA": "10.0",
        "DIA DE LA SEMANA": "MARTES",
        "HORA DE LOS HECHOS": "14:00",
        "HORARIO": "14:00",
        "CALLE 1": "NAUCALPAN TOLUCA KM 18.5",
        "SECTOR": "22",
        "REGION": "SUR",
        "IMPACTO": "ALTO",
        "SUBTIPO": "ROBO DE VEHICULO",
        "MODALIDAD": "SIN VIOLENCIA",
        "TIPO DE VEHICULO": "MOTOCICLETA",
        "MARCA": "ITALIKA",
        "SUB-MARCA": "DT 150",
        "AÑO": "2024.0",
        "COLOR": "BLANCO",
        "SERIE": "3SCK29EC9R1005981",
        "NUMERO DE PLACAS": "44BSR7",
        "icon": "images/icon-29.png"
      }
    },
    {
      "type": "Feature",
      "geometry": {
        "type": "Point",
        "coordinates": [
          -99.28062,
          19.45813
        ]
      },
      "properties": {
        "name": "ROBO DE VEHICULO",
        "folder": "mapa info berni FEB.xlsx",
        "COLONIA": "LAS HUERTAS 3ª SECCION",
        "LATITUDE": "19.45813",
        "LONGITUDE": "-99.28062",
        "ID": "105.0",
        "FUENTE": "ALERTA 06",
        "NIC": "202602110001",
        "NUC (NUMERO UNICO DE CARPETA)": "PENDIENTE",
        "NUM MES": "2.0",
        "MES": "FEBRERO",
        "SEMANA": "SEM 06 (05 AL 11)",
        "DIA": "10.0",
        "DIA DE LA SEMANA": "MARTES",
        "HORA DE LOS HECHOS": "20:30",
        "HORARIO": "20:00",
        "CALLE 1": "LIMON",
        "SECTOR": "23",
        "REGION": "SUR",
        "IMPACTO": "ALTO",
        "SUBTIPO": "ROBO DE VEHICULO",
        "MODALIDAD": "SIN VIOLENCIA",
        "TIPO DE VEHICULO": "MOTOCICLETA",
        "MARCA": "ITALIKA",
        "SUB-MARCA": "DM200",
        "AÑO": "2025.0",
        "COLOR": "AZUL",
        "SERIE": "3SCK4EKHXS2000520",
        "NUMERO DE PLACAS": "S/P",
        "icon": "images/icon-29.png"
      }
    },
    {
      "type": "Feature",
      "geometry": {
        "type": "Point",
        "coordinates": [
          -99.24013764,
          19.45415921
        ]
      },
      "properties": {
        "name": "ROBO DE VEHICULO",
        "folder": "mapa info berni FEB.xlsx",
        "COLONIA": "SAN ANTONIO ZOMEYUCAN",
        "LATITUDE": "19.45415921",
        "LONGITUDE": "-99.24013764",
        "ID": "106.0",
        "FUENTE": "ALERTA 06",
        "NIC": "202602110051",
        "NUC (NUMERO UNICO DE CARPETA)": "TLA/FRV/VRN/060/039279/26/02",
        "NUM MES": "2.0",
        "MES": "FEBRERO",
        "SEMANA": "SEM 06 (05 AL 11)",
        "DIA": "10.0",
        "DIA DE LA SEMANA": "MARTES",
        "HORA DE LOS HECHOS": "23:30",
        "HORARIO": "23:00",
        "CALLE 1": "CORAL",
        "SECTOR": "5",
        "REGION": "SUR",
        "IMPACTO": "ALTO",
        "SUBTIPO": "ROBO DE VEHICULO",
        "MODALIDAD": "SIN VIOLENCIA",
        "TIPO DE VEHICULO": "MOTOCICLETA",
        "MARCA": "HONDA",
        "SUB-MARCA": "CGL125",
        "AÑO": "2019.0",
        "COLOR": "BLANCO",
        "SERIE": "3H1JA4170KD810602",
        "NUMERO DE PLACAS": "8H6GW",
        "icon": "images/icon-29.png"
      }
    },
    {
      "type": "Feature",
      "geometry": {
        "type": "Point",
        "coordinates": [
          -99.34471622,
          19.44113503
        ]
      },
      "properties": {
        "name": "ROBO DE VEHICULO",
        "folder": "mapa info berni FEB.xlsx",
        "COLONIA": "BARRIO LA CONCEPCION",
        "LATITUDE": "19.44113503",
        "LONGITUDE": "-99.34471622",
        "ID": "107.0",
        "FUENTE": "ALERTA 06",
        "NIC": "202602110060",
        "NUC (NUMERO UNICO DE CARPETA)": "PENDIENTE",
        "NUM MES": "2.0",
        "MES": "FEBRERO",
        "SEMANA": "SEM 06 (05 AL 11)",
        "DIA": "10.0",
        "DIA DE LA SEMANA": "MARTES",
        "HORA DE LOS HECHOS": "14:00",
        "HORARIO": "14:00",
        "CALLE 1": "CALLE DE LA IGLESIA",
        "SECTOR": "22",
        "REGION": "SUR",
        "IMPACTO": "ALTO",
        "SUBTIPO": "ROBO DE VEHICULO",
        "MODALIDAD": "SIN VIOLENCIA",
        "TIPO DE VEHICULO": "MOTOCICLETA",
        "MARCA": "ITALIKA",
        "SUB-MARCA": "DT125 DELYVERY",
        "AÑO": "2024.0",
        "COLOR": "BLANCO",
        "SERIE": "3SCK29EC9R1005981",
        "NUMERO DE PLACAS": "44BSR7",
        "icon": "images/icon-29.png"
      }
    },
    {
      "type": "Feature",
      "geometry": {
        "type": "Point",
        "coordinates": [
          -99.33834483,
          19.44235273
        ]
      },
      "properties": {
        "name": "ROBO DE VEHICULO",
        "folder": "mapa info berni FEB.xlsx",
        "COLONIA": "SAN FRANCISCO CHIMALPA",
        "LATITUDE": "19.44235273",
        "LONGITUDE": "-99.33834483",
        "ID": "108.0",
        "FUENTE": "ALERTA 06",
        "NIC": "202602110110",
        "NUC (NUMERO UNICO DE CARPETA)": "PENDIENTE",
        "NUM MES": "2.0",
        "MES": "FEBRERO",
        "SEMANA": "SEM 06 (05 AL 11)",
        "DIA": "11.0",
        "DIA DE LA SEMANA": "MIERCOLES",
        "HORA DE LOS HECHOS": "18:00",
        "HORARIO": "18:00",
        "CALLE 1": "AV CAMINO REAL",
        "SECTOR": "22",
        "REGION": "SUR",
        "IMPACTO": "ALTO",
        "SUBTIPO": "ROBO DE VEHICULO",
        "MODALIDAD": "SIN VIOLENCIA",
        "TIPO DE VEHICULO": "MOTOCICLETA",
        "MARCA": "BAJAJ",
        "SUB-MARCA": "PULSAR 200",
        "AÑO": "2017.0",
        "COLOR": "ROJO",
        "SERIE": "MD2A36FZ7HCE01962",
        "NUMERO DE PLACAS": "9J2EB",
        "icon": "images/icon-29.png"
      }
    },
    {
      "type": "Feature",
      "geometry": {
        "type": "Point",
        "coordinates": [
          -99.24219425,
          19.45368048
        ]
      },
      "properties": {
        "name": "ROBO DE VEHICULO",
        "folder": "mapa info berni FEB.xlsx",
        "COLONIA": "SAN ANTONIO ZOMEYUCAN",
        "LATITUDE": "19.45368048",
        "LONGITUDE": "-99.24219425",
        "ID": "109.0",
        "FUENTE": "ALERTA 06",
        "NIC": "202602120037",
        "NUC (NUMERO UNICO DE CARPETA)": "PENDIENTE",
        "NUM MES": "2.0",
        "MES": "FEBRERO",
        "SEMANA": "SEM 07 (12 AL 18)",
        "DIA": "11.0",
        "DIA DE LA SEMANA": "MIERCOLES",
        "HORA DE LOS HECHOS": "16:00",
        "HORARIO": "16:00",
        "CALLE 1": "CERRADA VOLADERO",
        "SECTOR": "5",
        "REGION": "SUR",
        "IMPACTO": "ALTO",
        "SUBTIPO": "ROBO DE VEHICULO",
        "MODALIDAD": "SIN VIOLENCIA",
        "TIPO DE VEHICULO": "CAMIONETA",
        "MARCA": "HONDA",
        "SUB-MARCA": "CR-V",
        "AÑO": "2020.0",
        "COLOR": "S/I",
        "SERIE": "1HGRW184XLL903523",
        "NUMERO DE PLACAS": "RAZ544C",
        "icon": "images/icon-29.png"
      }
    },
    {
      "type": "Feature",
      "geometry": {
        "type": "Point",
        "coordinates": [
          -99.26711314,
          19.43353655
        ]
      },
      "properties": {
        "name": "ROBO DE VEHICULO",
        "folder": "mapa info berni FEB.xlsx",
        "COLONIA": "LA MANCHA I",
        "LATITUDE": "19.43353655",
        "LONGITUDE": "-99.26711314",
        "ID": "110.0",
        "FUENTE": "ALERTA 06",
        "NIC": "202602120040",
        "NUC (NUMERO UNICO DE CARPETA)": "PENDIENTE",
        "NUM MES": "2.0",
        "MES": "FEBRERO",
        "SEMANA": "SEM 07 (12 AL 18)",
        "DIA": "11.0",
        "DIA DE LA SEMANA": "MIERCOLES",
        "HORA DE LOS HECHOS": "16:00",
        "HORARIO": "16:00",
        "CALLE 1": "MIGUEL DE CERVANTES MNZ15 LOT 18 Ext MNZ15 Int LOT 18",
        "SECTOR": "20",
        "REGION": "SUR",
        "IMPACTO": "ALTO",
        "SUBTIPO": "ROBO DE VEHICULO",
        "MODALIDAD": "SIN VIOLENCIA",
        "TIPO DE VEHICULO": "AUTOMOVIL",
        "MARCA": "NISSAN",
        "SUB-MARCA": "KICKS ADVANCE CVT",
        "AÑO": "2022.0",
        "COLOR": "BLANCO",
        "SERIE": "3N8CP5HE9NL491365",
        "NUMERO DE PLACAS": "NKC469C",
        "icon": "images/icon-29.png"
      }
    },
    {
      "type": "Feature",
      "geometry": {
        "type": "Point",
        "coordinates": [
          -99.25554817,
          19.44055191
        ]
      },
      "properties": {
        "name": "ROBO DE VEHICULO",
        "folder": "mapa info berni FEB.xlsx",
        "COLONIA": "BENITO JUAREZ",
        "LATITUDE": "19.44055191",
        "LONGITUDE": "-99.25554817",
        "ID": "111.0",
        "FUENTE": "ALERTA 06",
        "NIC": "202602120045",
        "NUC (NUMERO UNICO DE CARPETA)": "PENDIENTE",
        "NUM MES": "2.0",
        "MES": "FEBRERO",
        "SEMANA": "SEM 07 (12 AL 18)",
        "DIA": "12.0",
        "DIA DE LA SEMANA": "JUEVES",
        "HORA DE LOS HECHOS": "11:45",
        "HORARIO": "11:00",
        "CALLE 1": "SIERRA TLAXCALA #27 Ext 27",
        "SECTOR": "20",
        "REGION": "SUR",
        "IMPACTO": "ALTO",
        "SUBTIPO": "ROBO DE VEHICULO",
        "MODALIDAD": "SIN VIOLENCIA",
        "TIPO DE VEHICULO": "MOTOCICLETA",
        "MARCA": "ITALIKA",
        "SUB-MARCA": "280Z",
        "AÑO": "2025.0",
        "COLOR": "NEGRO",
        "SERIE": "3SCK5GLR3S1003233",
        "NUMERO DE PLACAS": "9348L8",
        "icon": "images/icon-29.png"
      }
    },
    {
      "type": "Feature",
      "geometry": {
        "type": "Point",
        "coordinates": [
          -99.2461038,
          19.45806395
        ]
      },
      "properties": {
        "name": "ROBO DE VEHICULO",
        "folder": "mapa info berni FEB.xlsx",
        "COLONIA": "SAN LUIS TLATILCO",
        "LATITUDE": "19.45806395",
        "LONGITUDE": "-99.2461038",
        "ID": "112.0",
        "FUENTE": "ALERTA 06",
        "NIC": "202602120102",
        "NUC (NUMERO UNICO DE CARPETA)": "PENDIENTE",
        "NUM MES": "2.0",
        "MES": "FEBRERO",
        "SEMANA": "SEM 07 (12 AL 18)",
        "DIA": "12.0",
        "DIA DE LA SEMANA": "JUEVES",
        "HORA DE LOS HECHOS": "18:14",
        "HORARIO": "18:00",
        "CALLE 1": "CDA EMILIANO ZAPATA Ext 16 A",
        "SECTOR": "5",
        "REGION": "SUR",
        "IMPACTO": "ALTO",
        "SUBTIPO": "ROBO DE VEHICULO",
        "MODALIDAD": "SIN VIOLENCIA",
        "TIPO DE VEHICULO": "MOTOCICLETA",
        "MARCA": "BAJAJ",
        "SUB-MARCA": "PULSAR 250N",
        "AÑO": "2024.0",
        "COLOR": "NEGRO",
        "SERIE": "MD2B97FX6RCH00030",
        "NUMERO DE PLACAS": "88BRD5",
        "icon": "images/icon-29.png"
      }
    },
    {
      "type": "Feature",
      "geometry": {
        "type": "Point",
        "coordinates": [
          -99.25498273,
          19.45496187
        ]
      },
      "properties": {
        "name": "ROBO DE VEHICULO",
        "folder": "mapa info berni FEB.xlsx",
        "COLONIA": "BALCONES DE CHAMAPA",
        "LATITUDE": "19.45496187",
        "LONGITUDE": "-99.25498273",
        "ID": "113.0",
        "FUENTE": "ALERTA 06",
        "NIC": "202602120104",
        "NUC (NUMERO UNICO DE CARPETA)": "PENDIENTE",
        "NUM MES": "2.0",
        "MES": "FEBRERO",
        "SEMANA": "SEM 07 (12 AL 18)",
        "DIA": "12.0",
        "DIA DE LA SEMANA": "JUEVES",
        "HORA DE LOS HECHOS": "18:50",
        "HORARIO": "18:00",
        "CALLE 1": "FRONTERA",
        "SECTOR": "12",
        "REGION": "SUR",
        "IMPACTO": "ALTO",
        "SUBTIPO": "ROBO DE VEHICULO",
        "MODALIDAD": "SIN VIOLENCIA",
        "TIPO DE VEHICULO": "MOTOCICLETA",
        "MARCA": "BAJAJ",
        "SUB-MARCA": "NS 200",
        "AÑO": "2024.0",
        "COLOR": "NEGRO",
        "SERIE": "MD2A36FX3RCH01675",
        "NUMERO DE PLACAS": "S/P",
        "icon": "images/icon-29.png"
      }
    },
    {
      "type": "Feature",
      "geometry": {
        "type": "Point",
        "coordinates": [
          -99.26544,
          19.45809
        ]
      },
      "properties": {
        "name": "ROBO DE VEHICULO",
        "folder": "mapa info berni FEB.xlsx",
        "COLONIA": "SAN LORENZO TOTOLINGA 1ª SECCION",
        "LATITUDE": "19.45809",
        "LONGITUDE": "-99.26544",
        "ID": "114.0",
        "FUENTE": "ALERTA 06",
        "NIC": "202602130030",
        "NUC (NUMERO UNICO DE CARPETA)": "PENDIENTE",
        "NUM MES": "2.0",
        "MES": "FEBRERO",
        "SEMANA": "SEM 07 (12 AL 18)",
        "DIA": "12.0",
        "DIA DE LA SEMANA": "JUEVES",
        "HORA DE LOS HECHOS": "22:00",
        "HORARIO": "22:00",
        "CALLE 1": "ENSENADA",
        "SECTOR": "13",
        "REGION": "SUR",
        "IMPACTO": "ALTO",
        "SUBTIPO": "ROBO DE VEHICULO",
        "MODALIDAD": "SIN VIOLENCIA",
        "TIPO DE VEHICULO": "MOTOCICLETA",
        "MARCA": "VENTO",
        "SUB-MARCA": "ROCKETMAN",
        "AÑO": "2019.0",
        "COLOR": "GRIS",
        "SERIE": "LD3VEGBD3K1010952",
        "NUMERO DE PLACAS": "0991L6",
        "icon": "images/icon-29.png"
      }
    },
    {
      "type": "Feature",
      "geometry": {
        "type": "Point",
        "coordinates": [
          -99.22815,
          19.42743
        ]
      },
      "properties": {
        "name": "ROBO DE VEHICULO",
        "folder": "mapa info berni FEB.xlsx",
        "COLONIA": "LOMAS DE TECAMACHALCO",
        "LATITUDE": "19.42743",
        "LONGITUDE": "-99.22815",
        "ID": "115.0",
        "FUENTE": "ALERTA 06",
        "NIC": "202602130090",
        "NUC (NUMERO UNICO DE CARPETA)": "PENDIENTE",
        "NUM MES": "2.0",
        "MES": "FEBRERO",
        "SEMANA": "SEM 07 (12 AL 18)",
        "DIA": "13.0",
        "DIA DE LA SEMANA": "VIERNES",
        "HORA DE LOS HECHOS": "18:00",
        "HORARIO": "18:00",
        "CALLE 1": "C FUENTE DE TEMPLANZA 17",
        "SECTOR": "25",
        "REGION": "SUR",
        "IMPACTO": "ALTO",
        "SUBTIPO": "ROBO DE VEHICULO",
        "MODALIDAD": "SIN VIOLENCIA",
        "TIPO DE VEHICULO": "MOTOCICLETA",
        "MARCA": "BAJAJ",
        "SUB-MARCA": "PULSAR",
        "AÑO": "2025.0",
        "COLOR": "NEGRO",
        "SERIE": "MD2B54DX9SCF02299",
        "NUMERO DE PLACAS": "58BYK8",
        "icon": "images/icon-29.png"
      }
    },
    {
      "type": "Feature",
      "geometry": {
        "type": "Point",
        "coordinates": [
          -99.23387,
          19.51361
        ]
      },
      "properties": {
        "name": "ROBO DE VEHICULO",
        "folder": "mapa info berni FEB.xlsx",
        "COLONIA": "CIUDAD SATELITE",
        "LATITUDE": "19.51361",
        "LONGITUDE": "-99.23387",
        "ID": "116.0",
        "FUENTE": "ALERTA 06",
        "NIC": "202602130099",
        "NUC (NUMERO UNICO DE CARPETA)": "PENDIENTE",
        "NUM MES": "2.0",
        "MES": "FEBRERO",
        "SEMANA": "SEM 07 (12 AL 18)",
        "DIA": "13.0",
        "DIA DE LA SEMANA": "VIERNES",
        "HORA DE LOS HECHOS": "15:00",
        "HORARIO": "15:00",
        "CALLE 1": "PAFNUNCIO PADILLA",
        "SECTOR": "18",
        "REGION": "NORTE",
        "IMPACTO": "ALTO",
        "SUBTIPO": "ROBO DE VEHICULO",
        "MODALIDAD": "SIN VIOLENCIA",
        "TIPO DE VEHICULO": "AUTOMOVIL",
        "MARCA": "PEUGEOT",
        "SUB-MARCA": "207",
        "AÑO": "2011.0",
        "COLOR": "GRIS",
        "SERIE": "BG047553",
        "NUMERO DE PLACAS": "F74BBB",
        "icon": "images/icon-29.png"
      }
    },
    {
      "type": "Feature",
      "geometry": {
        "type": "Point",
        "coordinates": [
          -99.26145,
          19.44903
        ]
      },
      "properties": {
        "name": "ROBO DE VEHICULO",
        "folder": "mapa info berni FEB.xlsx",
        "COLONIA": "SAN JOSE DE LOS LEONES 2ª SECCION",
        "LATITUDE": "19.44903",
        "LONGITUDE": "-99.26145",
        "ID": "117.0",
        "FUENTE": "ALERTA 06",
        "NIC": "202602130101",
        "NUC (NUMERO UNICO DE CARPETA)": "PENDIENTE",
        "NUM MES": "2.0",
        "MES": "FEBRERO",
        "SEMANA": "SEM 07 (12 AL 18)",
        "DIA": "13.0",
        "DIA DE LA SEMANA": "VIERNES",
        "HORA DE LOS HECHOS": "17:20",
        "HORARIO": "17:00",
        "CALLE 1": "FRAILE",
        "SECTOR": "12",
        "REGION": "SUR",
        "IMPACTO": "ALTO",
        "SUBTIPO": "ROBO DE VEHICULO",
        "MODALIDAD": "SIN VIOLENCIA",
        "TIPO DE VEHICULO": "MOTOCICLETA",
        "MARCA": "ITALIKA",
        "SUB-MARCA": "250Z",
        "AÑO": "2024.0",
        "COLOR": "NEGRO",
        "SERIE": "3SCK5FLD0R1040409",
        "NUMERO DE PLACAS": "82BSU2",
        "icon": "images/icon-29.png"
      }
    },
    {
      "type": "Feature",
      "geometry": {
        "type": "Point",
        "coordinates": [
          -99.22423903,
          19.50152292
        ]
      },
      "properties": {
        "name": "ROBO DE VEHICULO",
        "folder": "mapa info berni FEB.xlsx",
        "COLONIA": "JARDINES DE LA FLORIDA",
        "LATITUDE": "19.50152292",
        "LONGITUDE": "-99.22423903",
        "ID": "118.0",
        "FUENTE": "ALERTA 06",
        "NIC": "202602140026",
        "NUC (NUMERO UNICO DE CARPETA)": "TLA/FRV/VRN/060/042131/26/02",
        "NUM MES": "2.0",
        "MES": "FEBRERO",
        "SEMANA": "SEM 07 (12 AL 18)",
        "DIA": "13.0",
        "DIA DE LA SEMANA": "VIERNES",
        "HORA DE LOS HECHOS": "22:30",
        "HORARIO": "22:00",
        "CALLE 1": "EMILIANO ZAPATA",
        "SECTOR": "9",
        "REGION": "NORTE",
        "IMPACTO": "ALTO",
        "SUBTIPO": "ROBO DE VEHICULO",
        "MODALIDAD": "SIN VIOLENCIA",
        "TIPO DE VEHICULO": "AUTOMOVIL",
        "MARCA": "BMW",
        "SUB-MARCA": "118I",
        "AÑO": "2021.0",
        "COLOR": "BLANCO",
        "SERIE": "WBA2W5103MMW85884",
        "NUMERO DE PLACAS": "LKF980C",
        "icon": "images/icon-29.png"
      }
    },
    {
      "type": "Feature",
      "geometry": {
        "type": "Point",
        "coordinates": [
          -99.26571001,
          19.50594731
        ]
      },
      "properties": {
        "name": "ROBO DE VEHICULO",
        "folder": "mapa info berni FEB.xlsx",
        "COLONIA": "SAN MATEO NOPALA",
        "LATITUDE": "19.50594731",
        "LONGITUDE": "-99.26571001",
        "ID": "119.0",
        "FUENTE": "TEL, SC Y 06",
        "NIC": "202602140036",
        "NUC (NUMERO UNICO DE CARPETA)": "PENDIENTE",
        "NUM MES": "2.0",
        "MES": "FEBRERO",
        "SEMANA": "SEM 07 (12 AL 18)",
        "DIA": "14.0",
        "DIA DE LA SEMANA": "SABADO",
        "HORA DE LOS HECHOS": "11:00",
        "HORARIO": "11:00",
        "CALLE 1": "BENITO JUAREZ",
        "SECTOR": "15",
        "REGION": "NORTE",
        "IMPACTO": "ALTO",
        "SUBTIPO": "ROBO DE VEHICULO",
        "MODALIDAD": "SIN VIOLENCIA",
        "TIPO DE VEHICULO": "AUTOMOVIL",
        "MARCA": "HYUNDAI",
        "SUB-MARCA": "CRETA GLS",
        "AÑO": "2019.0",
        "COLOR": "PLATA",
        "SERIE": "MB2C32AC5KM490394",
        "NUMERO DE PLACAS": "MMB833B",
        "icon": "images/icon-29.png"
      }
    },
    {
      "type": "Feature",
      "geometry": {
        "type": "Point",
        "coordinates": [
          -99.25277023,
          19.45217222
        ]
      },
      "properties": {
        "name": "ROBO DE VEHICULO",
        "folder": "mapa info berni FEB.xlsx",
        "COLONIA": "ALTAMIRA",
        "LATITUDE": "19.45217222",
        "LONGITUDE": "-99.25277023",
        "ID": "120.0",
        "FUENTE": "ALERTA 06",
        "NIC": "202602140081",
        "NUC (NUMERO UNICO DE CARPETA)": "PENDIENTE",
        "NUM MES": "2.0",
        "MES": "FEBRERO",
        "SEMANA": "SEM 07 (12 AL 18)",
        "DIA": "13.0",
        "DIA DE LA SEMANA": "VIERNES",
        "HORA DE LOS HECHOS": "18:00",
        "HORARIO": "18:00",
        "CALLE 1": "5 DE MAYO # 3",
        "SECTOR": "12",
        "REGION": "SUR",
        "IMPACTO": "ALTO",
        "SUBTIPO": "ROBO DE VEHICULO",
        "MODALIDAD": "SIN VIOLENCIA",
        "TIPO DE VEHICULO": "MOTOCICLETA",
        "MARCA": "YAMAHA",
        "SUB-MARCA": "FZS 2.0",
        "AÑO": "2016.0",
        "COLOR": "NEGRO",
        "SERIE": "ME1RG2629G2005186",
        "NUMERO DE PLACAS": "W48UU",
        "icon": "images/icon-29.png"
      }
    },
    {
      "type": "Feature",
      "geometry": {
        "type": "Point",
        "coordinates": [
          -99.22893608,
          19.43768702
        ]
      },
      "properties": {
        "name": "ROBO DE VEHICULO",
        "folder": "mapa info berni FEB.xlsx",
        "COLONIA": "LOMAS DE SOTELO",
        "LATITUDE": "19.43768702",
        "LONGITUDE": "-99.22893608",
        "ID": "121.0",
        "FUENTE": "ALERTA 06",
        "NIC": "202602150003",
        "NUC (NUMERO UNICO DE CARPETA)": "PENDIENTE",
        "NUM MES": "2.0",
        "MES": "FEBRERO",
        "SEMANA": "SEM 07 (12 AL 18)",
        "DIA": "14.0",
        "DIA DE LA SEMANA": "SABADO",
        "HORA DE LOS HECHOS": "7:00",
        "HORARIO": "7:00",
        "CALLE 1": "CALLE 1",
        "SECTOR": "NE",
        "REGION": "SUR",
        "IMPACTO": "ALTO",
        "SUBTIPO": "ROBO DE VEHICULO",
        "MODALIDAD": "SIN VIOLENCIA",
        "TIPO DE VEHICULO": "MOTOCICLETA",
        "MARCA": "ITALIKA",
        "SUB-MARCA": "FT150",
        "AÑO": "2026.0",
        "COLOR": "GRIS",
        "SERIE": "3SCK26ER8T1012799",
        "NUMERO DE PLACAS": "1788R7",
        "icon": "images/icon-29.png"
      }
    },
    {
      "type": "Feature",
      "geometry": {
        "type": "Point",
        "coordinates": [
          -99.22596589,
          19.46570085
        ]
      },
      "properties": {
        "name": "ROBO DE VEHICULO",
        "folder": "mapa info berni FEB.xlsx",
        "COLONIA": "SAN ANDRES ATOTO",
        "LATITUDE": "19.46570085",
        "LONGITUDE": "-99.22596589",
        "ID": "122.0",
        "FUENTE": "ALERTA 06",
        "NIC": "202602150039",
        "NUC (NUMERO UNICO DE CARPETA)": "PENDIENTE",
        "NUM MES": "2.0",
        "MES": "FEBRERO",
        "SEMANA": "SEM 07 (12 AL 18)",
        "DIA": "14.0",
        "DIA DE LA SEMANA": "SABADO",
        "HORA DE LOS HECHOS": "18:00",
        "HORARIO": "18:00",
        "CALLE 1": "AV. PRIMERO DE MAYO",
        "SECTOR": "5",
        "REGION": "SUR",
        "IMPACTO": "ALTO",
        "SUBTIPO": "ROBO DE VEHICULO",
        "MODALIDAD": "SIN VIOLENCIA",
        "TIPO DE VEHICULO": "MOTOCICLETA",
        "MARCA": "BAJAJ",
        "SUB-MARCA": "PULSAR NS250",
        "AÑO": "2024.0",
        "COLOR": "NEGRO",
        "SERIE": "MD2B97FX6RCL84626",
        "NUMERO DE PLACAS": "79BVX5",
        "icon": "images/icon-29.png"
      }
    },
    {
      "type": "Feature",
      "geometry": {
        "type": "Point",
        "coordinates": [
          -99.22909491,
          19.50826297
        ]
      },
      "properties": {
        "name": "ROBO DE VEHICULO",
        "folder": "mapa info berni FEB.xlsx",
        "COLONIA": "CIUDAD SATELITE",
        "LATITUDE": "19.50826297",
        "LONGITUDE": "-99.22909491",
        "ID": "123.0",
        "FUENTE": "ALERTA 06",
        "NIC": "202602150057",
        "NUC (NUMERO UNICO DE CARPETA)": "TLA/FRV/VRN/060/043200/26/02",
        "NUM MES": "2.0",
        "MES": "FEBRERO",
        "SEMANA": "SEM 07 (12 AL 18)",
        "DIA": "15.0",
        "DIA DE LA SEMANA": "DOMINGO",
        "HORA DE LOS HECHOS": "10:30",
        "HORARIO": "10:00",
        "CALLE 1": "JUAN DE TOLOSA",
        "SECTOR": "18",
        "REGION": "NORTE",
        "IMPACTO": "ALTO",
        "SUBTIPO": "ROBO DE VEHICULO",
        "MODALIDAD": "SIN VIOLENCIA",
        "TIPO DE VEHICULO": "AUTOMOVIL",
        "MARCA": "VOLKSWAGEN",
        "SUB-MARCA": "BEETLE",
        "AÑO": "2015.0",
        "COLOR": "BLANCO",
        "SERIE": "3VWJW6AT4FM624269",
        "NUMERO DE PLACAS": "NRZ5079",
        "icon": "images/icon-29.png"
      }
    },
    {
      "type": "Feature",
      "geometry": {
        "type": "Point",
        "coordinates": [
          -99.28586,
          19.48822
        ]
      },
      "properties": {
        "name": "ROBO DE VEHICULO",
        "folder": "mapa info berni FEB.xlsx",
        "COLONIA": "EL TEJOCOTE",
        "LATITUDE": "19.48822",
        "LONGITUDE": "-99.28586",
        "ID": "124.0",
        "FUENTE": "ALERTA 06",
        "NIC": "202602160022",
        "NUC (NUMERO UNICO DE CARPETA)": "TLA/FRV/VRN/060/043671/26/02",
        "NUM MES": "2.0",
        "MES": "FEBRERO",
        "SEMANA": "SEM 07 (12 AL 18)",
        "DIA": "5.0",
        "DIA DE LA SEMANA": "JUEVES",
        "HORA DE LOS HECHOS": "1:40",
        "HORARIO": "1:00",
        "CALLE 1": "PRIVADA DE MIRANTES EXT 2",
        "SECTOR": "15",
        "REGION": "NORTE",
        "IMPACTO": "ALTO",
        "SUBTIPO": "ROBO DE VEHICULO",
        "MODALIDAD": "SIN VIOLENCIA",
        "TIPO DE VEHICULO": "MOTOCICLETA",
        "MARCA": "ITALIKA",
        "SUB-MARCA": "DT 150",
        "AÑO": "2022.0",
        "COLOR": "BLANCO",
        "SERIE": "3SCK2AEG2N1000071",
        "NUMERO DE PLACAS": "6024B7",
        "icon": "images/icon-29.png"
      }
    },
    {
      "type": "Feature",
      "geometry": {
        "type": "Point",
        "coordinates": [
          -99.2678,
          19.43336
        ]
      },
      "properties": {
        "name": "ROBO DE VEHICULO",
        "folder": "mapa info berni FEB.xlsx",
        "COLONIA": "LA MANCHA I",
        "LATITUDE": "19.43336",
        "LONGITUDE": "-99.2678",
        "ID": "125.0",
        "FUENTE": "ALERTA 06",
        "NIC": "202602160042",
        "NUC (NUMERO UNICO DE CARPETA)": "PENDIENTE",
        "NUM MES": "2.0",
        "MES": "FEBRERO",
        "SEMANA": "SEM 07 (12 AL 18)",
        "DIA": "14.0",
        "DIA DE LA SEMANA": "SABADO",
        "HORA DE LOS HECHOS": "5:00",
        "HORARIO": "5:00",
        "CALLE 1": "LA MANCHA",
        "SECTOR": "20",
        "REGION": "SUR",
        "IMPACTO": "ALTO",
        "SUBTIPO": "ROBO DE VEHICULO",
        "MODALIDAD": "SIN VIOLENCIA",
        "TIPO DE VEHICULO": "AUTOMOVIL",
        "MARCA": "NISSAN",
        "SUB-MARCA": "VERSA",
        "AÑO": "2024.0",
        "COLOR": "GRIS",
        "SERIE": "3N1CN8AE5RK590003",
        "NUMERO DE PLACAS": "LUJ598B",
        "icon": "images/icon-29.png"
      }
    },
    {
      "type": "Feature",
      "geometry": {
        "type": "Point",
        "coordinates": [
          -99.2404,
          19.51889
        ]
      },
      "properties": {
        "name": "ROBO DE VEHICULO",
        "folder": "mapa info berni FEB.xlsx",
        "COLONIA": "CIUDAD SATELITE",
        "LATITUDE": "19.51889",
        "LONGITUDE": "-99.2404",
        "ID": "126.0",
        "FUENTE": "ALERTA 06",
        "NIC": "202602160043",
        "NUC (NUMERO UNICO DE CARPETA)": "TLA/FRV/VRN/060/044157/26/02",
        "NUM MES": "2.0",
        "MES": "FEBRERO",
        "SEMANA": "SEM 07 (12 AL 18)",
        "DIA": "15.0",
        "DIA DE LA SEMANA": "DOMINGO",
        "HORA DE LOS HECHOS": "23:00",
        "HORARIO": "23:00",
        "CALLE 1": "JUSTO SIERRA EXT 43",
        "SECTOR": "17",
        "REGION": "NORTE",
        "IMPACTO": "ALTO",
        "SUBTIPO": "ROBO DE VEHICULO",
        "MODALIDAD": "SIN VIOLENCIA",
        "TIPO DE VEHICULO": "CAMIONETA",
        "MARCA": "NISSAN",
        "SUB-MARCA": "FRONTIER",
        "AÑO": "2023.0",
        "COLOR": "GRIS",
        "SERIE": "3N6AD33B7PK870609",
        "NUMERO DE PLACAS": "MHL206A",
        "icon": "images/icon-29.png"
      }
    },
    {
      "type": "Feature",
      "geometry": {
        "type": "Point",
        "coordinates": [
          -99.23852,
          19.51965
        ]
      },
      "properties": {
        "name": "ROBO DE VEHICULO",
        "folder": "mapa info berni FEB.xlsx",
        "COLONIA": "CIUDAD SATELITE",
        "LATITUDE": "19.51965",
        "LONGITUDE": "-99.23852",
        "ID": "127.0",
        "FUENTE": "ALERTA 06",
        "NIC": "202602160044",
        "NUC (NUMERO UNICO DE CARPETA)": "PENDIENTE",
        "NUM MES": "2.0",
        "MES": "FEBRERO",
        "SEMANA": "SEM 07 (12 AL 18)",
        "DIA": "13.0",
        "DIA DE LA SEMANA": "VIERNES",
        "HORA DE LOS HECHOS": "18:00",
        "HORARIO": "18:00",
        "CALLE 1": "ANTONIO RUBIO",
        "SECTOR": "17",
        "REGION": "NORTE",
        "IMPACTO": "ALTO",
        "SUBTIPO": "ROBO DE VEHICULO",
        "MODALIDAD": "SIN VIOLENCIA",
        "TIPO DE VEHICULO": "CAMIONETA",
        "MARCA": "NISSAN",
        "SUB-MARCA": "FRONTIER",
        "AÑO": "2023.0",
        "COLOR": "GRIS",
        "SERIE": "3N6AD33B2PK877158",
        "NUMERO DE PLACAS": "MHL728A",
        "icon": "images/icon-29.png"
      }
    },
    {
      "type": "Feature",
      "geometry": {
        "type": "Point",
        "coordinates": [
          -99.24891,
          19.43625
        ]
      },
      "properties": {
        "name": "ROBO DE VEHICULO",
        "folder": "mapa info berni FEB.xlsx",
        "COLONIA": "INDEPENDENCIA",
        "LATITUDE": "19.43625",
        "LONGITUDE": "-99.24891",
        "ID": "128.0",
        "FUENTE": "ALERTA 06",
        "NIC": "202602160072",
        "NUC (NUMERO UNICO DE CARPETA)": "PENDIENTE",
        "NUM MES": "2.0",
        "MES": "FEBRERO",
        "SEMANA": "SEM 07 (12 AL 18)",
        "DIA": "14.0",
        "DIA DE LA SEMANA": "SABADO",
        "HORA DE LOS HECHOS": "5:00",
        "HORARIO": "5:00",
        "CALLE 1": "CERRO DE LAS CRUCES",
        "SECTOR": "19",
        "REGION": "SUR",
        "IMPACTO": "ALTO",
        "SUBTIPO": "ROBO DE VEHICULO",
        "MODALIDAD": "SIN VIOLENCIA",
        "TIPO DE VEHICULO": "MOTOCICLETA",
        "MARCA": "KTM",
        "SUB-MARCA": "DUKE",
        "AÑO": "2022.0",
        "COLOR": "NEGRO",
        "SERIE": "VBKJPE405NC068810",
        "NUMERO DE PLACAS": "4534E9",
        "icon": "images/icon-29.png"
      }
    },
    {
      "type": "Feature",
      "geometry": {
        "type": "Point",
        "coordinates": [
          -99.21711,
          19.46778
        ]
      },
      "properties": {
        "name": "ROBO DE VEHICULO",
        "folder": "mapa info berni FEB.xlsx",
        "COLONIA": "INDUSTRIAL ALCE BLANCO",
        "LATITUDE": "19.46778",
        "LONGITUDE": "-99.21711",
        "ID": "129.0",
        "FUENTE": "ALERTA 06",
        "NIC": "202602160092",
        "NUC (NUMERO UNICO DE CARPETA)": "PENDIENTE",
        "NUM MES": "2.0",
        "MES": "FEBRERO",
        "SEMANA": "SEM 07 (12 AL 18)",
        "DIA": "16.0",
        "DIA DE LA SEMANA": "LUNES",
        "HORA DE LOS HECHOS": "7:00",
        "HORARIO": "7:00",
        "CALLE 1": "SAN FRANCISCO CUAUTLALPAN",
        "SECTOR": "11",
        "REGION": "SUR",
        "IMPACTO": "ALTO",
        "SUBTIPO": "ROBO DE VEHICULO",
        "MODALIDAD": "SIN VIOLENCIA",
        "TIPO DE VEHICULO": "MOTOCICLETA",
        "MARCA": "BAJAJ",
        "SUB-MARCA": "PULSAR RS 200",
        "AÑO": "2025.0",
        "COLOR": "PERLA",
        "SERIE": "MD2A55FX2SCF00585",
        "NUMERO DE PLACAS": "S/P",
        "icon": "images/icon-29.png"
      }
    }
  ]
}